PRICE,FLOOR,BEDROOM,BATHROOM,ROAD,LAND,AGE,Cities,LAND_squared
2.9,3,5,4,12,4.0,5,4,16.0
4.75,4,5,6,10,3.0,5,4,9.0
1.99,2,4,4,10,2.3,21,4,5.289999999999999
4.0,2,4,3,12,7.0,22,4,49.0
1.2,2,4,4,20,6.0,10,3,36.0
2.7,2,6,5,12,6.0,5,4,36.0
3.3,2,4,3,13,3.2,7,4,10.240000000000002
4.0,2,5,4,14,4.3,16,3,18.49
4.5,5,13,5,10,2.2,15,3,4.840000000000001
3.0,3,5,5,12,5.0,6,4,25.0
4.99,3,6,5,13,5.2,2,4,27.040000000000003
2.45,2,4,2,16,3.0,11,3,9.0
2.5,4,4,5,13,4.0,3,3,16.0
4.25,2,4,4,20,4.0,3,4,16.0
6.5,2,4,5,12,6.2,4,4,38.440000000000005
3.6,2,4,5,13,4.2,4,4,17.64
5.8,3,6,6,14,5.0,3,4,25.0
2.5,3,5,7,12,3.2,3,4,10.240000000000002
4.8,3,4,4,16,5.2,4,4,27.040000000000003
6.65,3,4,5,20,4.1,4,3,16.81
5.5,2,4,5,12,5.0,3,4,25.0
4.75,2,4,4,20,3.1,6,4,9.610000000000001
2.95,3,5,4,13,3.2,6,4,10.240000000000002
6.35,2,5,3,10,5.0,3,4,25.0
6.4,2,4,4,26,7.0,6,4,49.0
3.5,2,3,4,20,4.0,1,4,16.0
2.2,2,6,5,16,3.0,3,3,9.0
3.75,2,4,4,16,3.0,3,4,9.0
5.5,3,6,7,13,4.2,4,4,17.64
5.5,2,4,4,13,3.3,6,4,10.889999999999999
3.19,2,5,3,13,4.1,3,4,16.81
2.5,2,4,3,13,3.0,7,3,9.0
6.25,2,5,6,13,6.4,3,4,40.96000000000001
2.8,2,4,4,12,2.2,3,4,4.840000000000001
4.8,2,6,4,25,5.0,3,4,25.0
2.5,3,5,3,13,3.1,5,4,9.610000000000001
3.35,2,4,2,19,5.0,5,4,25.0
3.5,2,4,3,19,5.0,6,4,25.0
4.0,2,4,5,18,4.0,5,4,16.0
6.0,2,5,3,13,7.0,5,4,49.0
2.5,2,4,4,12,3.5,10,4,12.25
2.7,2,5,4,12,3.3,3,4,10.889999999999999
2.75,2,5,4,12,3.0,7,4,9.0
3.25,2,6,4,15,3.3,4,4,10.889999999999999
2.8,2,5,4,13,3.1,3,4,9.610000000000001
3.1,3,6,4,12,3.2,3,4,10.240000000000002
4.0,2,4,4,13,5.0,4,3,25.0
3.5,2,3,3,15,6.0,6,3,36.0
3.15,2,6,5,20,5.2,3,4,27.040000000000003
2.9,2,6,6,13,3.2,4,4,10.240000000000002
4.25,3,5,4,20,4.2,3,4,17.64
4.65,2,4,4,12,4.0,7,4,16.0
4.0,2,5,4,20,4.0,1,4,16.0
5.95,3,6,5,16,5.0,3,4,25.0
3.9,2,4,4,13,5.0,3,4,25.0
3.2,3,8,3,13,4.0,3,4,16.0
3.25,3,8,3,13,4.0,4,4,16.0
5.15,2,4,4,20,7.1,7,4,50.41
3.5,3,8,6,10,4.0,6,3,16.0
3.25,2,4,4,20,4.3,3,4,18.49
3.2,2,5,6,13,3.1,7,3,9.610000000000001
5.5,2,5,3,13,5.2,6,3,27.040000000000003
2.3,2,5,3,13,2.3,7,4,5.289999999999999
1.7,2,3,3,20,3.3,3,3,10.889999999999999
2.4,3,5,4,13,2.3,4,4,5.289999999999999
2.75,2,4,4,13,4.0,7,4,16.0
2.25,2,4,3,13,3.2,7,4,10.240000000000002
1.8,2,4,4,13,4.2,3,4,17.64
2.5,2,3,3,14,3.2,4,4,10.240000000000002
1.65,1,1,1,13,3.1,7,4,9.610000000000001
5.1,2,5,5,12,6.3,3,4,39.69
5.99,2,5,3,20,7.0,4,4,49.0
3.25,2,4,3,20,4.3,7,4,18.49
2.75,2,5,5,13,3.2,4,4,10.240000000000002
1.27,1,2,1,13,4.0,7,0,16.0
2.25,2,4,4,20,4.0,13,3,16.0
6.1,3,6,4,18,6.0,11,4,36.0
3.69,3,5,4,18,4.1,2,4,16.81
2.3,2,3,2,20,2.3,11,4,5.289999999999999
3.2,2,5,5,14,4.0,2,3,16.0
1.55,2,6,3,20,3.2,3,0,10.240000000000002
4.25,2,7,6,13,4.2,1,3,17.64
6.5,2,9,4,24,7.0,7,3,49.0
3.5,2,6,5,15,4.0,5,3,16.0
2.8,3,6,6,16,3.2,5,3,10.240000000000002
1.33,1,2,1,13,3.0,4,4,9.0
1.6,2,4,2,13,2.2,6,4,4.840000000000001
2.5,2,4,4,13,3.1,13,4,9.610000000000001
2.8,2,5,4,20,3.0,5,4,9.0
2.7,2,5,3,14,3.2,5,4,10.240000000000002
3.99,2,5,5,16,4.2,5,4,17.64
4.99,3,4,4,16,5.0,5,4,25.0
1.7,2,5,3,10,4.2,5,4,17.64
4.25,2,4,4,20,3.3,5,4,10.889999999999999
1.7,2,4,2,13,3.0,4,4,9.0
5.25,2,5,4,20,5.0,5,0,25.0
2.5,2,7,3,13,5.0,7,0,25.0
3.2,2,7,5,13,4.2,2,3,17.64
2.5,3,6,3,18,3.2,5,4,10.240000000000002
2.35,2,4,3,13,3.2,5,4,10.240000000000002
2.0,3,7,5,20,3.2,7,3,10.240000000000002
3.9,2,3,4,13,3.0,5,3,9.0
3.3,2,5,5,12,6.0,5,3,36.0
6.03,3,4,4,16,5.0,1,3,25.0
1.65,2,4,2,16,3.1,5,4,9.610000000000001
2.25,2,4,4,20,3.1,5,4,9.610000000000001
3.3,2,6,5,13,6.2,5,3,38.440000000000005
7.5,3,8,6,16,9.1,5,3,82.80999999999999
2.75,3,5,3,13,3.1,4,4,9.610000000000001
2.85,2,6,5,12,3.2,4,4,10.240000000000002
3.15,2,6,5,14,4.0,1,3,16.0
2.75,2,7,4,13,4.0,8,4,16.0
2.35,3,6,4,13,3.0,7,4,9.0
2.9,2,6,4,20,5.2,7,4,27.040000000000003
2.55,3,6,5,13,3.0,7,4,9.0
3.25,2,3,4,20,4.0,5,4,16.0
2.7,3,5,4,13,3.3,5,4,10.889999999999999
2.45,2,4,4,13,3.1,8,4,9.610000000000001
2.95,2,5,5,13,4.2,8,4,17.64
2.5,2,5,3,12,4.0,1,3,16.0
3.88,5,5,7,10,4.0,9,4,16.0
4.5,2,6,3,13,6.0,7,4,36.0
2.4,3,4,4,13,2.3,8,4,5.289999999999999
2.3,3,4,4,13,2.2,8,4,4.840000000000001
2.65,3,4,5,13,4.0,7,4,16.0
3.2,2,5,4,13,4.1,5,4,16.81
2.9,2,5,5,13,3.0,5,4,9.0
2.75,3,6,4,20,3.0,7,4,9.0
2.55,3,6,6,13,3.2,8,4,10.240000000000002
2.75,2,5,5,13,3.1,8,4,9.610000000000001
3.4,3,5,4,26,3.2,5,4,10.240000000000002
2.75,2,4,4,20,3.2,5,4,10.240000000000002
4.25,2,5,3,20,4.1,8,4,16.81
1.6,2,4,3,13,5.2,11,4,27.040000000000003
3.55,2,6,4,13,3.2,2,3,10.240000000000002
2.75,2,6,4,13,3.0,9,4,9.0
5.9,2,6,5,20,7.1,7,4,50.41
2.85,2,4,3,20,4.0,5,4,16.0
2.75,3,5,3,12,4.0,5,4,16.0
2.8,2,6,4,13,3.1,11,4,9.610000000000001
3.25,2,6,4,14,4.0,18,4,16.0
3.9,2,6,5,13,4.2,10,3,17.64
4.25,2,4,6,20,4.0,15,3,16.0
3.4,2,5,4,13,4.1,9,0,16.81
4.75,3,4,5,20,7.0,13,3,49.0
3.45,2,4,4,13,3.3,9,3,10.889999999999999
2.9,2,11,4,20,6.1,5,3,37.209999999999994
2.65,3,5,4,13,2.9,5,4,8.41
1.5,2,4,4,15,6.0,17,4,36.0
4.25,3,7,5,16,4.2,22,4,17.64
4.2,3,6,5,12,4.2,11,4,17.64
2.75,2,7,6,20,3.2,5,3,10.240000000000002
2.95,3,5,4,16,4.2,7,3,17.64
4.5,5,7,4,27,2.2,16,3,4.840000000000001
2.1,2,4,4,14,7.0,9,3,49.0
3.9,2,6,4,16,4.3,11,4,18.49
2.75,2,4,4,20,4.0,11,4,16.0
4.6,2,4,5,13,7.2,10,3,51.84
2.4,2,6,5,13,3.2,11,3,10.240000000000002
6.0,3,8,5,13,10.2,9,3,104.03999999999999
3.85,3,6,5,13,4.2,9,3,17.64
2.8,2,5,4,13,4.0,5,3,16.0
3.0,2,5,4,14,4.2,5,4,17.64
2.6,2,5,3,20,3.0,17,4,9.0
2.55,3,5,5,12,3.0,11,3,9.0
5.0,2,5,3,20,8.0,7,3,64.0
3.3,2,4,4,13,5.2,11,3,27.040000000000003
1.6,2,4,4,13,2.2,11,3,4.840000000000001
3.25,2,5,4,13,4.0,16,3,16.0
3.9,2,5,6,20,5.2,22,3,27.040000000000003
5.5,2,6,3,13,9.0,12,4,81.0
4.25,2,5,4,16,4.2,2,4,17.64
3.1,2,4,3,13,4.0,2,4,16.0
3.5,2,5,3,13,5.0,5,3,25.0
3.7,2,4,4,20,3.2,26,3,10.240000000000002
2.85,2,6,4,13,3.0,11,4,9.0
3.65,3,7,4,13,4.0,9,4,16.0
3.3,2,6,4,13,3.2,2,3,10.240000000000002
6.25,2,5,7,20,6.0,26,3,36.0
7.5,2,7,6,13,8.0,9,3,64.0
3.5,2,3,3,30,3.1,12,4,9.610000000000001
3.1,2,4,4,13,3.2,12,4,10.240000000000002
2.35,3,6,3,13,3.0,2,4,9.0
2.95,3,4,4,13,3.0,2,4,9.0
4.65,3,6,4,13,5.0,5,3,25.0
3.15,3,6,6,13,4.0,8,3,16.0
1.5,2,5,2,20,4.0,5,3,16.0
2.25,2,2,2,13,9.0,9,3,81.0
1.9,2,4,4,13,2.3,2,4,5.289999999999999
3.1,2,4,4,13,3.3,26,4,10.889999999999999
4.35,2,4,4,20,4.2,9,4,17.64
3.1,3,5,4,13,4.0,9,4,16.0
5.5,2,6,3,20,6.0,8,3,36.0
6.0,5,10,6,12,7.1,5,3,50.41
2.8,2,5,4,13,3.0,12,4,9.0
2.75,3,6,5,13,3.1,3,4,9.610000000000001
2.95,2,5,4,13,3.2,8,4,10.240000000000002
1.95,3,5,6,23,2.3,5,4,5.289999999999999
2.7,2,5,4,13,3.2,20,4,10.240000000000002
2.8,2,6,4,16,4.0,12,4,16.0
2.9,2,3,3,14,3.0,10,4,9.0
2.9,3,5,5,13,3.2,2,4,10.240000000000002
2.9,2,4,4,13,3.2,5,4,10.240000000000002
4.5,3,4,4,13,5.0,5,4,25.0
2.25,2,4,2,13,2.3,12,3,5.289999999999999
2.6,2,5,5,14,3.0,11,3,9.0
3.3,3,8,5,13,4.3,2,0,18.49
2.7,2,3,4,20,3.0,11,4,9.0
2.75,2,5,5,13,4.1,9,4,16.81
1.6,2,5,3,12,2.2,23,3,4.840000000000001
4.7,2,6,3,14,7.0,9,3,49.0
2.5,2,4,4,13,3.1,12,4,9.610000000000001
2.5,2,4,3,13,3.2,12,4,10.240000000000002
2.3,3,9,3,12,4.0,5,3,16.0
3.5,2,8,4,8,8.0,8,3,64.0
2.7,4,8,4,11,4.0,5,3,16.0
7.0,2,5,4,20,5.0,9,4,25.0
3.5,2,3,4,22,3.3,9,4,10.889999999999999
2.5,2,6,3,16,3.0,9,4,9.0
4.5,2,9,4,13,3.0,9,3,9.0
2.6,2,3,4,20,3.0,5,3,9.0
3.45,2,6,5,13,4.0,8,3,16.0
3.75,2,6,5,14,5.0,5,3,25.0
3.0,2,4,3,10,5.0,6,0,25.0
6.5,2,6,3,13,8.0,23,3,64.0
3.0,2,8,4,14,4.2,23,3,17.64
1.75,2,11,3,12,3.0,11,3,9.0
2.95,2,4,4,13,4.2,9,3,17.64
4.3,3,6,4,13,6.0,23,4,36.0
3.1,2,6,5,13,3.1,5,4,9.610000000000001
4.5,3,7,7,13,6.3,8,4,39.69
2.65,2,5,4,13,3.0,5,4,9.0
2.95,2,5,4,13,3.2,9,4,10.240000000000002
3.75,2,5,4,20,5.0,9,3,25.0
2.55,2,4,4,13,3.0,23,4,9.0
2.25,2,5,3,20,2.3,13,4,5.289999999999999
2.85,2,9,4,13,3.0,9,4,9.0
6.0,2,8,5,13,6.0,13,3,36.0
1.65,2,3,3,13,2.2,11,3,4.840000000000001
3.35,3,10,5,13,4.0,23,3,16.0
3.5,3,6,4,11,5.0,6,3,25.0
2.75,2,9,4,13,5.0,11,3,25.0
2.25,2,7,3,13,3.0,9,4,9.0
2.5,3,7,6,13,3.0,5,4,9.0
2.8,3,6,6,15,5.3,8,4,28.09
2.6,3,5,3,13,2.2,5,4,4.840000000000001
2.8,3,4,4,13,3.0,9,4,9.0
2.7,2,5,4,13,3.2,9,4,10.240000000000002
2.9,4,22,8,6,3.2,9,3,10.240000000000002
3.25,3,5,5,16,3.3,6,4,10.889999999999999
2.7,2,3,4,20,3.0,13,4,9.0
6.5,2,4,5,14,7.0,16,3,49.0
2.75,3,7,4,13,3.0,5,4,9.0
2.3,3,5,4,10,2.3,5,3,5.289999999999999
5.75,2,4,4,13,5.2,5,3,27.040000000000003
5.0,2,4,4,13,4.0,13,3,16.0
1.75,2,5,5,14,3.0,2,3,9.0
5.5,2,7,4,10,5.0,2,3,25.0
4.65,3,6,6,13,4.3,6,3,18.49
3.5,3,3,2,13,2.5,2,4,6.25
2.8,6,22,8,6,3.2,21,3,10.240000000000002
7.35,3,4,3,13,9.1,11,3,82.80999999999999
2.3,2,5,3,13,3.0,12,3,9.0
3.9,2,6,6,14,6.0,21,3,36.0
3.5,3,7,4,18,4.0,6,4,16.0
1.6,2,5,3,12,2.2,21,3,4.840000000000001
2.8,3,5,5,13,3.3,9,0,10.889999999999999
4.0,3,10,4,16,4.0,5,3,16.0
2.25,2,4,3,20,3.2,11,3,10.240000000000002
2.9,2,4,3,15,4.0,5,4,16.0
2.65,2,4,2,20,3.0,6,3,9.0
3.0,4,6,6,13,4.0,21,3,16.0
5.55,3,6,6,20,6.2,3,3,38.440000000000005
3.38,2,4,3,13,3.2,12,3,10.240000000000002
2.9,2,5,5,13,5.0,6,3,25.0
2.6,2,5,3,13,3.2,6,4,10.240000000000002
3.25,3,6,3,18,3.2,21,3,10.240000000000002
4.5,3,7,6,13,5.1,15,3,26.009999999999998
1.55,2,4,2,4,4.2,9,4,17.64
2.75,2,6,4,10,3.2,13,3,10.240000000000002
7.3,2,4,3,20,6.4,13,4,40.96000000000001
2.5,2,4,3,16,5.0,16,3,25.0
3.2,2,5,4,13,4.0,3,3,16.0
3.9,2,4,3,26,4.0,16,3,16.0
6.0,2,6,4,13,9.0,16,4,81.0
4.6,2,6,5,13,7.0,6,4,49.0
4.95,3,8,7,12,8.2,13,3,67.24
2.8,3,8,4,13,5.0,19,3,25.0
6.0,5,10,6,24,6.0,9,3,36.0
2.15,3,3,3,13,2.3,2,4,5.289999999999999
2.15,3,4,3,12,3.0,16,3,9.0
6.0,3,5,4,13,10.2,5,3,104.03999999999999
3.8,2,7,4,13,4.2,5,4,17.64
2.75,2,5,4,13,4.0,5,3,16.0
5.8,3,8,3,20,6.0,13,3,36.0
4.25,3,7,3,20,5.0,5,4,25.0
2.75,3,8,3,12,3.3,21,3,10.889999999999999
5.0,2,3,3,20,6.0,3,4,36.0
3.9,2,6,4,13,4.3,6,4,18.49
4.25,2,3,3,14,4.0,5,4,16.0
5.65,2,4,5,20,4.1,16,3,16.81
3.1,2,4,3,13,4.1,5,3,16.81
2.25,1,6,3,16,3.0,11,4,9.0
4.5,2,4,3,16,7.0,8,4,49.0
2.2,2,5,4,13,3.0,5,4,9.0
4.5,2,4,3,13,4.2,13,4,17.64
2.0,2,4,3,13,2.5,5,4,6.25
5.5,2,3,3,13,4.0,21,3,16.0
3.6,2,7,7,20,12.0,6,3,144.0
3.7,2,4,3,14,3.2,5,3,10.240000000000002
3.4,3,6,4,13,4.0,13,3,16.0
5.75,2,4,3,12,9.0,6,3,81.0
6.75,2,5,5,15,6.0,5,3,36.0
2.2,2,6,3,10,5.0,3,3,25.0
2.3,2,5,5,13,2.3,5,4,5.289999999999999
1.5,1,2,1,10,3.1,21,3,9.610000000000001
1.68,3,3,3,20,1.1,32,3,1.2100000000000002
1.73,2,1,1,15,3.0,11,3,9.0
2.2,2,6,3,10,5.0,7,3,25.0
3.1,2,5,3,13,3.8,6,3,14.44
2.99,2,5,5,13,4.0,5,3,16.0
2.1,2,5,3,10,3.0,3,3,9.0
1.3,1,2,1,13,4.2,5,3,17.64
1.85,1,2,1,16,5.2,32,3,27.040000000000003
1.7,1,2,1,20,4.0,32,3,16.0
6.0,5,1,1,33,3.0,11,3,9.0
2.65,2,6,4,13,3.2,6,3,10.240000000000002
1.95,2,5,4,13,4.0,5,4,16.0
2.3,2,3,2,27,3.0,5,3,9.0
3.25,2,5,5,13,4.0,5,4,16.0
2.6,2,4,3,10,4.0,8,4,16.0
2.95,2,8,3,13,3.2,34,4,10.240000000000002
6.8,2,6,3,14,8.2,31,3,67.24
1.55,1,4,2,15,2.2,4,3,4.840000000000001
2.2,2,6,5,43,3.0,3,4,9.0
4.3,2,5,4,16,7.0,6,0,49.0
3.45,2,6,3,13,3.2,21,3,10.240000000000002
2.5,2,6,3,13,3.2,15,3,10.240000000000002
3.65,2,5,3,14,5.1,9,4,26.009999999999998
5.49,2,5,5,13,7.0,4,3,49.0
7.5,2,6,6,13,9.2,13,3,84.63999999999999
3.7,2,4,5,12,6.0,16,3,36.0
3.8,3,6,4,20,4.0,3,4,16.0
6.75,2,5,4,26,7.0,16,3,49.0
3.1,3,7,3,13,3.2,9,4,10.240000000000002
4.0,2,5,4,13,5.2,31,0,27.040000000000003
5.5,2,5,5,15,5.2,13,3,27.040000000000003
3.1,2,6,6,13,4.3,31,3,18.49
2.2,2,4,3,13,3.3,23,3,10.889999999999999
3.3,2,6,4,20,3.2,13,4,10.240000000000002
2.9,2,6,4,20,3.0,3,4,9.0
5.25,4,8,6,18,7.2,4,4,51.84
3.99,2,6,3,16,3.4,4,4,11.559999999999999
5.5,3,5,5,20,7.0,4,4,49.0
2.75,2,7,5,20,3.1,3,4,9.610000000000001
3.2,2,5,6,13,3.1,3,3,9.610000000000001
3.5,2,5,4,20,5.0,6,3,25.0
2.0,2,6,2,15,2.8,3,1,7.839999999999999
3.85,2,4,4,13,4.0,6,3,16.0
2.5,2,6,4,13,3.0,6,3,9.0
2.8,3,7,4,11,4.2,1,3,17.64
3.45,2,6,5,13,4.0,3,3,16.0
4.0,2,4,6,11,3.2,3,3,10.240000000000002
2.75,2,6,3,20,5.0,4,3,25.0
3.25,2,3,3,14,4.0,6,3,16.0
1.2,1,2,2,12,3.0,3,3,9.0
1.9,1,3,1,10,3.2,7,3,10.240000000000002
5.5,2,3,3,11,9.0,3,3,81.0
1.6,2,4,2,8,2.5,3,3,6.25
2.45,2,3,3,13,3.3,5,3,10.889999999999999
2.1,3,7,3,13,3.0,6,3,9.0
3.9,3,6,3,12,3.2,5,3,10.240000000000002
4.5,2,5,5,14,3.8,3,4,14.44
3.1,2,6,4,13,3.0,4,3,9.0
2.35,2,3,3,13,2.2,6,3,4.840000000000001
2.0,2,3,2,13,2.3,3,2,5.289999999999999
4.7,3,5,4,13,4.3,7,4,18.49
3.05,2,5,4,13,4.2,1,3,17.64
2.0,2,7,3,12,3.2,3,3,10.240000000000002
3.0,2,4,4,12,3.0,3,0,9.0
2.8,2,5,3,15,3.2,3,4,10.240000000000002
3.6,2,4,5,13,4.1,4,4,16.81
2.85,2,4,3,13,3.2,7,3,10.240000000000002
2.5,2,2,3,14,3.1,6,4,9.610000000000001
5.5,6,8,6,20,4.0,7,3,16.0
7.5,2,4,4,20,9.0,7,3,81.0
3.75,2,7,5,15,5.0,3,2,25.0
2.2,2,5,3,13,3.3,4,3,10.889999999999999
2.2,2,5,3,12,3.1,3,3,9.610000000000001
5.25,6,19,19,13,3.0,7,3,9.0
1.9,2,6,4,16,4.0,13,4,16.0
3.0,2,8,6,26,4.0,11,3,16.0
1.0,1,3,1,13,5.0,2,3,25.0
2.0,2,4,2,14,3.0,2,4,9.0
3.5,2,5,3,12,4.0,3,3,16.0
2.4,2,4,3,13,3.2,1,4,10.240000000000002
2.65,2,6,3,13,3.0,7,3,9.0
2.6,2,5,4,12,3.5,4,4,12.25
4.0,2,5,4,20,5.0,6,3,25.0
2.9,3,5,6,13,4.2,5,3,17.64
1.3,1,3,1,13,3.2,5,3,10.240000000000002
3.5,3,5,3,12,4.0,5,3,16.0
3.55,2,5,1,13,4.1,5,3,16.81
5.5,2,5,4,20,6.1,4,4,37.209999999999994
3.6,3,4,1,13,5.0,7,4,25.0
1.3,1,2,1,13,4.2,2,3,17.64
1.2,1,2,1,10,3.0,5,3,9.0
1.7,2,6,2,13,2.2,5,4,4.840000000000001
2.75,2,5,3,20,3.1,5,4,9.610000000000001
6.5,2,7,5,16,8.0,5,4,64.0
5.9,2,4,4,15,5.0,11,4,25.0
3.65,2,6,3,13,4.0,1,3,16.0
2.75,3,8,3,15,3.0,5,3,9.0
1.6,2,6,3,15,3.3,5,3,10.889999999999999
2.5,3,7,4,15,4.0,5,3,16.0
3.87,3,7,6,30,4.0,4,3,16.0
4.5,2,5,3,12,5.2,4,3,27.040000000000003
2.45,2,5,3,15,3.0,7,3,9.0
3.0,3,4,3,13,4.0,1,3,16.0
2.2,1,2,2,15,3.8,5,3,14.44
2.65,2,6,4,20,3.3,5,3,10.889999999999999
1.65,1,2,1,12,3.0,8,3,9.0
3.6,2,7,7,20,5.0,9,4,25.0
2.3,2,5,3,18,3.0,8,3,9.0
1.6,2,4,4,12,3.0,8,3,9.0
4.75,3,7,6,13,8.2,1,3,67.24
2.9,2,5,4,12,4.0,7,3,16.0
3.4,2,5,3,15,3.1,8,3,9.610000000000001
2.45,3,5,3,13,3.0,7,3,9.0
3.75,2,7,4,13,4.0,7,3,16.0
4.25,2,6,4,20,4.2,8,4,17.64
2.15,2,5,3,12,2.3,8,4,5.289999999999999
3.75,2,5,5,13,4.0,5,4,16.0
4.75,3,7,5,13,4.0,5,4,16.0
2.35,2,4,4,13,2.3,8,4,5.289999999999999
4.7,3,7,4,25,4.2,2,3,17.64
2.24,3,8,4,13,3.2,7,3,10.240000000000002
2.65,2,7,5,13,3.3,8,3,10.889999999999999
3.99,2,6,4,15,4.0,11,3,16.0
3.35,4,6,4,18,3.0,18,3,9.0
4.9,2,6,5,18,4.0,10,0,16.0
3.7,2,5,3,12,6.1,16,3,37.209999999999994
2.75,2,5,3,20,3.0,9,4,9.0
6.4,2,4,5,20,6.0,23,4,36.0
4.0,2,12,4,14,7.0,13,3,49.0
4.0,1,2,2,14,5.0,7,3,25.0
2.99,2,4,4,20,4.0,9,3,16.0
4.5,3,7,4,20,6.2,9,3,38.440000000000005
3.85,2,7,5,13,4.0,11,3,16.0
3.75,2,7,4,16,3.2,5,3,10.240000000000002
2.5,2,4,4,20,3.0,11,4,9.0
1.96,4,11,5,9,3.0,5,3,9.0
2.84,3,5,5,22,5.0,7,3,25.0
1.62,4,9,6,9,3.0,16,3,9.0
5.5,3,10,6,13,6.0,9,3,36.0
5.0,4,8,6,20,5.0,10,0,25.0
3.3,2,6,4,20,3.2,11,4,10.240000000000002
2.75,2,4,4,12,4.0,11,3,16.0
4.25,3,7,6,16,5.0,9,3,25.0
2.1,2,4,2,20,4.0,9,3,16.0
2.3,2,4,4,13,2.3,5,4,5.289999999999999
2.65,2,4,4,13,3.1,17,4,9.610000000000001
7.0,3,4,5,13,6.0,11,4,36.0
2.4,1,2,1,15,4.0,7,3,16.0
4.1,3,8,6,13,5.0,11,4,25.0
4.45,3,6,3,12,6.2,16,3,38.440000000000005
4.5,2,6,3,13,10.3,11,3,106.09000000000002
2.75,3,6,7,22,3.0,12,3,9.0
4.5,2,4,4,20,3.2,11,4,10.240000000000002
6.8,3,5,6,20,8.0,16,3,64.0
4.65,2,4,3,13,5.1,12,3,26.009999999999998
3.45,2,5,5,13,4.2,2,3,17.64
2.1,2,6,3,13,7.0,5,2,49.0
4.2,2,6,5,16,4.2,26,3,17.64
4.3,2,4,4,14,3.2,11,4,10.240000000000002
2.55,2,5,4,13,3.0,11,4,9.0
2.75,2,5,4,13,3.0,9,4,9.0
2.7,2,4,4,20,3.0,9,4,9.0
2.4,2,4,3,13,3.2,2,4,10.240000000000002
2.9,2,4,3,14,3.2,26,3,10.240000000000002
3.6,2,7,4,12,5.0,12,3,25.0
5.7,2,4,3,20,7.2,2,3,51.84
4.17,2,4,5,13,4.0,2,3,16.0
2.99,2,6,5,13,3.1,8,3,9.610000000000001
2.0,3,6,2,12,3.2,9,4,10.240000000000002
3.3,2,5,3,11,4.0,2,3,16.0
3.9,2,6,5,12,4.0,26,4,16.0
2.65,3,8,8,13,4.0,11,4,16.0
5.5,3,9,4,13,8.0,9,3,64.0
3.35,2,7,4,20,5.0,5,4,25.0
1.4,1,1,1,10,2.5,8,4,6.25
2.55,2,5,3,13,3.0,5,4,9.0
3.25,2,6,4,15,4.0,12,4,16.0
2.25,2,4,3,18,3.1,3,3,9.610000000000001
2.3,2,7,3,13,3.0,8,4,9.0
3.5,2,5,4,13,4.0,5,3,16.0
2.65,2,4,4,20,3.1,20,4,9.610000000000001
2.95,2,6,5,13,4.0,12,4,16.0
1.6,1,2,1,13,3.1,10,4,9.610000000000001
2.7,3,6,4,13,2.3,2,3,5.289999999999999
2.3,2,4,3,13,3.0,5,4,9.0
3.88,3,6,5,13,4.2,12,3,17.64
3.98,2,7,5,13,4.1,11,3,16.81
4.35,2,5,5,13,5.0,9,3,25.0
2.3,3,4,2,10,3.0,9,3,9.0
2.3,2,5,3,10,3.0,12,3,9.0
3.4,2,4,4,20,3.1,11,3,9.610000000000001
1.5,3,3,3,4,2.2,9,3,4.840000000000001
3.8,3,6,4,20,3.0,9,3,9.0
3.5,2,12,4,11,6.0,12,3,36.0
3.75,2,6,5,13,4.0,12,3,16.0
4.25,3,8,5,13,4.2,2,4,17.64
3.45,2,5,4,13,4.1,2,4,16.81
2.65,3,5,5,13,3.0,5,4,9.0
3.15,3,5,4,13,3.1,8,4,9.610000000000001
3.75,2,5,4,13,3.3,5,4,10.889999999999999
2.7,2,4,4,15,3.2,9,4,10.240000000000002
3.9,2,5,4,13,5.2,9,3,27.040000000000003
4.0,2,6,4,4,6.0,8,3,36.0
3.5,5,17,12,13,3.0,5,3,9.0
3.5,2,5,3,13,3.2,7,3,10.240000000000002
5.86,3,4,5,20,4.1,5,4,16.81
4.5,2,5,2,26,9.0,5,0,81.0
5.5,3,8,7,13,5.2,8,3,27.040000000000003
5.1,2,5,5,12,4.2,11,3,17.64
2.6,2,5,2,10,3.2,2,3,10.240000000000002
2.7,2,5,3,13,3.0,9,3,9.0
1.2,1,3,2,13,3.2,7,3,10.240000000000002
3.85,3,7,5,18,5.2,5,4,27.040000000000003
5.2,2,4,5,12,4.3,5,3,18.49
2.6,2,2,3,13,4.1,8,4,16.81
2.4,3,5,4,13,2.3,11,4,5.289999999999999
3.1,3,5,3,13,3.2,16,4,10.240000000000002
2.55,2,6,3,13,3.0,15,4,9.0
2.85,2,4,3,12,3.2,9,4,10.240000000000002
5.15,2,4,4,20,7.0,9,4,49.0
2.2,2,5,5,16,3.0,11,4,9.0
2.7,2,7,3,13,3.3,11,3,10.889999999999999
2.95,2,6,5,13,3.2,7,3,10.240000000000002
2.8,2,6,3,13,3.0,5,3,9.0
5.75,2,4,3,15,9.1,5,3,82.80999999999999
3.5,3,6,4,15,2.3,2,3,5.289999999999999
1.75,2,6,3,11,3.1,9,4,9.610000000000001
4.35,3,4,5,13,6.2,23,3,38.440000000000005
2.35,2,5,4,13,3.1,12,3,9.610000000000001
2.5,3,4,2,8,4.0,12,3,16.0
5.1,2,4,2,20,6.0,2,3,36.0
6.35,2,5,5,14,6.7,2,4,44.89
7.0,2,4,4,17,5.3,5,3,28.09
2.5,2,5,3,13,3.0,9,4,9.0
1.65,1,2,1,13,3.0,7,4,9.0
3.45,2,6,3,13,4.0,8,3,16.0
2.35,2,6,2,12,2.2,7,3,4.840000000000001
3.85,3,4,5,13,4.2,7,3,17.64
3.35,2,5,4,12,5.0,8,3,25.0
2.15,2,9,3,13,2.3,5,4,5.289999999999999
3.9,2,7,4,12,7.0,5,3,49.0
2.75,3,5,3,20,3.0,8,4,9.0
2.95,3,6,5,13,3.1,11,3,9.610000000000001
1.6,2,2,2,10,4.0,8,3,16.0
7.25,2,6,3,13,10.0,8,3,100.0
3.85,3,6,5,13,4.5,5,3,20.25
2.95,2,4,3,16,4.0,12,3,16.0
2.5,2,6,6,15,4.0,7,3,16.0
2.6,2,3,3,13,3.0,5,4,9.0
3.25,2,6,4,23,3.3,7,4,10.889999999999999
2.25,2,5,3,12,3.5,12,4,12.25
4.0,2,6,3,13,4.2,12,4,17.64
3.15,2,4,4,13,3.1,12,4,9.610000000000001
3.3,2,5,4,13,3.2,5,4,10.240000000000002
2.7,2,7,4,13,4.1,5,4,16.81
2.25,2,4,4,13,2.3,9,4,5.289999999999999
3.3,2,6,4,16,3.3,2,4,10.889999999999999
3.6,2,6,5,20,3.0,23,3,9.0
3.75,2,6,5,16,4.0,9,4,16.0
3.99,2,4,4,13,5.0,12,4,25.0
1.7,2,7,3,10,4.0,12,4,16.0
2.45,2,5,4,13,3.2,2,4,10.240000000000002
3.5,2,5,5,13,4.0,2,4,16.0
3.2,2,4,4,20,3.0,5,3,9.0
3.8,2,6,6,13,6.0,5,3,36.0
2.8,2,6,3,13,3.0,7,3,9.0
7.5,2,5,5,13,13.0,8,3,169.0
3.1,2,4,3,10,3.3,5,3,10.889999999999999
3.25,2,4,4,20,4.0,9,3,16.0
3.25,3,5,2,10,5.1,1,3,26.009999999999998
2.9,2,6,3,13,3.2,9,3,10.240000000000002
2.8,3,6,8,20,3.0,11,3,9.0
6.6,4,3,6,16,4.5,17,4,20.25
2.19,3,7,4,11,3.0,21,3,9.0
2.8,2,5,3,13,3.2,11,4,10.240000000000002
1.75,2,3,3,10,3.3,22,3,10.889999999999999
2.7,2,5,4,20,3.5,21,4,12.25
2.55,2,6,5,13,3.2,11,4,10.240000000000002
3.65,2,5,3,13,4.0,6,3,16.0
2.95,2,6,5,13,3.1,23,3,9.610000000000001
4.5,4,6,4,16,3.0,21,3,9.0
4.6,3,5,6,27,3.5,7,3,12.25
1.78,1,3,2,9,3.1,7,3,9.610000000000001
3.45,3,7,4,13,5.0,7,3,25.0
3.5,2,4,4,13,4.0,5,4,16.0
1.88,2,4,3,12,2.2,5,3,4.840000000000001
2.7,2,5,4,10,3.0,21,4,9.0
1.5,1,3,2,13,3.0,27,3,9.0
6.5,4,6,4,15,5.2,7,3,27.040000000000003
2.55,2,8,3,10,3.0,16,3,9.0
3.3,4,5,3,25,2.3,23,4,5.289999999999999
2.5,2,6,3,13,3.1,25,4,9.610000000000001
7.1,3,7,6,11,4.0,7,4,16.0
3.7,2,6,6,13,5.0,5,4,25.0
3.95,2,4,4,13,5.2,5,4,27.040000000000003
2.75,3,5,3,13,3.0,6,4,9.0
2.2,3,4,3,10,2.3,10,4,5.289999999999999
1.2,2,4,4,20,3.0,15,3,9.0
7.0,5,4,3,12,5.1,11,3,26.009999999999998
5.5,2,4,3,13,5.2,6,3,27.040000000000003
2.8,1,2,2,12,5.2,5,3,27.040000000000003
4.5,2,5,5,13,6.1,23,4,37.209999999999994
1.35,2,8,4,13,4.0,21,4,16.0
3.25,2,5,4,13,3.3,7,4,10.889999999999999
3.75,2,4,4,16,4.0,7,4,16.0
2.6,3,5,6,11,3.3,5,3,10.889999999999999
2.4,2,4,2,14,4.0,29,3,16.0
3.8,2,3,3,10,4.0,27,3,16.0
2.95,2,6,5,13,4.0,7,3,16.0
2.55,2,5,4,20,4.2,16,3,17.64
3.1,3,8,3,12,4.0,23,3,16.0
4.25,2,4,4,20,4.0,5,4,16.0
3.0,2,4,5,20,3.0,7,3,9.0
3.45,2,6,3,13,4.0,5,3,16.0
7.4,3,8,4,13,11.0,27,3,121.0
3.75,2,4,4,20,3.2,11,4,10.240000000000002
2.0,2,2,2,12,3.0,12,0,9.0
3.45,2,7,4,14,6.1,14,3,37.209999999999994
6.5,3,7,4,18,3.2,16,3,10.240000000000002
3.0,3,6,3,32,4.0,6,3,16.0
3.4,2,5,4,13,4.0,4,3,16.0
6.75,2,9,6,12,8.0,7,3,64.0
4.7,2,6,3,16,6.0,6,3,36.0
6.0,4,6,5,20,4.0,8,3,16.0
3.3,2,5,4,13,4.0,8,3,16.0
3.4,2,6,3,13,4.0,4,3,16.0
4.2,2,6,3,12,4.3,11,3,18.49
3.45,2,6,3,13,4.0,12,3,16.0
3.75,2,3,4,20,5.0,8,4,25.0
3.8,2,4,3,18,4.0,6,3,16.0
1.55,1,2,1,13,2.3,6,4,5.289999999999999
2.35,2,4,4,13,3.0,5,4,9.0
6.25,2,4,5,17,7.2,16,3,51.84
1.8,2,4,3,20,3.3,21,4,10.889999999999999
2.7,2,5,3,13,3.2,16,4,10.240000000000002
4.15,4,5,5,6,4.0,8,3,16.0
2.04,2,4,3,12,3.0,6,4,9.0
4.1,3,6,6,20,4.2,11,0,17.64
4.0,2,4,3,13,4.3,5,3,18.49
4.35,3,6,4,13,6.0,5,3,36.0
5.8,2,4,4,13,10.0,5,3,100.0
3.8,2,8,5,10,4.0,7,3,16.0
3.0,3,12,5,13,3.2,5,3,10.240000000000002
1.5,2,4,4,17,3.0,11,3,9.0
3.0,2,5,4,15,4.0,5,4,16.0
3.5,2,7,4,16,6.0,7,4,36.0
1.55,2,4,2,10,3.5,6,3,12.25
2.95,2,6,5,13,4.1,11,3,16.81
5.0,3,5,6,19,4.5,21,4,20.25
5.5,3,3,4,13,5.0,12,4,25.0
7.5,4,8,8,17,4.2,5,3,17.64
2.95,2,5,3,11,3.2,11,3,10.240000000000002
6.8,3,7,3,23,6.2,5,3,38.440000000000005
2.3,2,4,4,13,3.0,5,3,9.0
2.7,2,4,3,13,3.1,13,4,9.610000000000001
2.9,2,5,4,13,4.0,21,4,16.0
2.75,2,4,4,13,3.2,21,4,10.240000000000002
3.5,3,12,6,12,4.2,21,3,17.64
1.33,1,2,1,10,3.2,5,3,10.240000000000002
2.85,2,4,3,9,3.2,21,3,10.240000000000002
6.1,2,4,3,13,10.0,14,3,100.0
1.7,2,5,2,13,2.2,5,4,4.840000000000001
3.9,3,6,6,14,6.0,4,3,36.0
1.6,2,4,3,10,3.2,12,3,10.240000000000002
3.5,2,5,4,13,8.0,16,0,64.0
2.4,2,4,3,20,3.0,13,4,9.0
6.5,2,3,3,15,6.1,5,3,37.209999999999994
2.65,2,4,3,20,3.1,5,4,9.610000000000001
3.3,2,5,4,10,4.0,5,3,16.0
4.15,2,4,4,20,4.0,11,4,16.0
1.9,2,4,4,16,4.0,7,4,16.0
6.5,2,5,5,13,8.0,5,3,64.0
3.05,2,5,4,13,4.0,5,4,16.0
4.0,2,3,3,26,4.0,11,4,16.0
7.5,2,5,4,15,6.1,4,3,37.209999999999994
4.19,2,5,4,20,5.0,11,4,25.0
2.5,3,7,3,10,3.0,12,3,9.0
5.1,2,4,4,12,5.0,6,3,25.0
5.6,2,5,4,11,6.0,19,3,36.0
3.5,2,4,2,8,6.2,19,3,38.440000000000005
1.8,1,3,2,13,4.0,5,3,16.0
5.5,2,6,5,13,6.2,11,3,38.440000000000005
2.9,2,4,5,16,5.3,18,3,28.09
5.5,2,3,4,10,4.2,19,4,17.64
2.75,2,5,3,20,2.2,19,3,4.840000000000001
3.65,3,5,4,13,5.0,16,3,25.0
6.15,2,5,3,13,6.0,13,3,36.0
1.7,2,6,3,10,3.2,5,3,10.240000000000002
2.55,2,4,4,13,3.0,5,4,9.0
2.65,3,6,5,13,3.5,11,4,12.25
2.05,2,5,4,13,3.2,7,4,10.240000000000002
2.5,2,6,3,12,4.2,5,3,17.64
2.9,2,14,6,13,12.0,11,4,144.0
3.2,2,4,3,8,5.0,11,3,25.0
5.15,2,5,3,13,8.3,12,3,68.89000000000001
5.8,2,4,2,13,10.0,5,3,100.0
6.4,4,10,6,20,5.0,7,4,25.0
2.35,4,3,3,13,2.5,5,3,6.25
4.5,3,7,4,15,6.0,4,4,36.0
3.15,3,6,4,10,3.1,6,3,9.610000000000001
2.95,3,6,4,10,3.0,5,3,9.0
4.98,4,11,4,9,5.3,31,3,28.09
3.7,2,4,3,13,3.2,4,3,10.240000000000002
2.7,3,8,4,13,3.2,18,3,10.240000000000002
3.8,2,5,4,20,4.2,5,4,17.64
1.35,1,2,1,10,2.2,23,3,4.840000000000001
3.95,2,6,5,20,5.0,19,3,25.0
3.25,3,6,3,13,5.3,18,3,28.09
2.7,2,5,4,20,3.2,5,4,10.240000000000002
2.85,2,4,4,13,3.3,16,4,10.889999999999999
2.5,2,6,5,13,4.2,31,4,17.64
1.5,2,4,3,17,3.0,6,3,9.0
2.75,3,5,3,13,3.0,7,4,9.0
6.75,2,8,8,14,4.0,5,4,16.0
2.9,2,5,4,13,3.3,8,3,10.889999999999999
2.98,2,5,3,20,4.0,8,3,16.0
1.4,3,2,2,10,4.1,4,0,16.81
3.8,2,4,5,14,3.3,11,4,10.889999999999999
6.75,2,8,8,11,4.0,7,3,16.0
6.5,2,4,4,12,9.5,12,3,90.25
1.8,1,3,2,13,4.0,14,3,16.0
2.75,2,4,4,13,3.2,16,4,10.240000000000002
2.35,2,8,4,10,2.2,6,4,4.840000000000001
2.75,2,5,4,9,3.0,6,4,9.0
2.6,2,5,4,13,3.1,17,4,9.610000000000001
2.45,2,7,4,10,3.0,16,3,9.0
2.55,3,5,3,13,3.0,5,3,9.0
2.25,2,4,3,13,4.0,5,3,16.0
1.31,2,6,3,12,3.0,25,3,9.0
3.3,2,4,6,20,4.0,21,3,16.0
2.2,2,5,4,13,3.1,21,4,9.610000000000001
2.35,2,4,5,13,3.1,21,4,9.610000000000001
4.25,2,6,4,13,4.0,8,4,16.0
1.9,2,5,3,10,3.0,21,3,9.0
2.3,2,5,5,10,3.3,5,3,10.889999999999999
4.0,2,6,6,15,5.0,21,3,25.0
3.0,2,4,3,13,3.0,7,3,9.0
5.5,2,3,4,14,4.2,11,4,17.64
6.2,2,4,4,14,10.0,7,3,100.0
4.0,2,6,6,15,5.0,6,3,25.0
3.8,2,5,3,14,5.1,5,3,26.009999999999998
2.55,2,9,7,20,3.2,11,4,10.240000000000002
2.1,2,6,2,13,2.3,21,4,5.289999999999999
2.5,2,6,4,12,2.0,5,3,4.0
2.5,3,6,4,10,3.1,11,3,9.610000000000001
2.5,2,6,3,13,2.3,11,3,5.289999999999999
2.9,4,5,6,13,3.0,11,3,9.0
3.1,2,5,4,15,3.3,5,4,10.889999999999999
3.98,2,4,4,14,6.0,7,3,36.0
4.5,2,5,4,18,9.0,21,3,81.0
1.5,2,5,5,13,2.2,21,3,4.840000000000001
5.5,2,5,4,16,5.2,21,4,27.040000000000003
3.25,2,4,4,13,3.3,5,4,10.889999999999999
3.6,2,4,3,12,7.0,5,4,49.0
2.5,3,8,4,10,4.3,24,3,18.49
4.3,3,17,10,10,5.0,21,3,25.0
2.95,2,4,3,13,5.0,14,0,25.0
4.25,2,3,3,20,6.0,5,4,36.0
3.5,2,5,4,22,3.3,19,4,10.889999999999999
5.4,2,7,4,20,5.3,19,4,28.09
4.5,2,5,6,15,5.0,16,3,25.0
3.8,2,5,3,14,5.1,13,3,26.009999999999998
2.95,2,4,3,13,3.3,5,3,10.889999999999999
3.45,2,6,5,13,4.0,5,3,16.0
2.85,3,4,3,13,3.1,5,3,9.610000000000001
2.05,3,6,4,20,3.0,5,0,9.0
5.0,2,4,5,13,5.1,4,3,26.009999999999998
2.9,2,5,5,16,3.2,4,3,10.240000000000002
2.9,2,3,3,14,3.2,11,4,10.240000000000002
3.1,2,4,5,15,4.2,6,4,17.64
2.5,2,6,5,12,4.1,19,3,16.81
3.1,3,6,5,14,3.5,13,3,12.25
2.95,2,4,3,12,3.0,5,3,9.0
2.95,2,5,5,13,3.2,5,4,10.240000000000002
3.0,1,2,2,4,4.2,11,3,17.64
6.25,2,3,3,16,5.3,7,4,28.09
3.9,2,4,4,13,5.0,5,4,25.0
3.1,2,5,4,13,4.0,4,3,16.0
2.9,2,3,2,20,4.0,11,4,16.0
2.6,2,4,5,13,3.1,12,4,9.610000000000001
4.1,2,5,5,13,4.0,6,4,16.0
4.45,2,5,5,14,5.0,19,3,25.0
3.15,2,6,5,13,3.5,19,3,12.25
4.0,2,5,4,13,4.3,16,3,18.49
5.0,3,8,6,20,6.1,5,3,37.209999999999994
1.75,2,6,4,9,3.0,18,3,9.0
3.25,2,4,4,13,3.3,19,4,10.889999999999999
2.6,2,4,4,10,3.5,16,3,12.25
6.5,3,7,3,13,12.0,5,4,144.0
3.85,2,3,4,14,4.2,5,4,17.64
3.75,2,4,3,13,7.0,5,3,49.0
2.35,2,4,2,11,5.0,11,3,25.0
5.5,3,7,8,20,7.5,7,3,56.25
5.35,3,7,5,18,7.1,11,3,50.41
5.0,2,5,6,14,4.0,12,4,16.0
3.5,2,5,4,22,3.3,10,4,10.889999999999999
4.8,5,8,5,22,5.0,5,4,25.0
3.25,3,6,3,13,5.2,4,3,27.040000000000003
3.5,2,5,4,20,4.1,32,4,16.81
4.1,2,4,5,20,5.0,4,4,25.0
7.0,2,6,5,11,6.3,6,3,39.69
2.2,2,4,3,20,9.2,23,4,84.63999999999999
3.9,2,5,3,13,5.0,18,3,25.0
2.7,2,6,3,13,3.1,5,3,9.610000000000001
1.3,1,2,1,13,3.0,16,3,9.0
4.05,2,4,3,13,5.5,31,4,30.25
3.25,4,6,4,26,2.2,4,3,4.840000000000001
3.3,2,6,4,13,6.0,6,3,36.0
6.25,2,6,6,15,6.2,7,3,38.440000000000005
2.05,2,4,3,10,3.0,4,3,9.0
5.0,2,4,4,13,7.0,5,3,49.0
2.6,2,5,3,13,3.3,11,4,10.889999999999999
2.35,2,3,4,13,3.1,5,4,9.610000000000001
7.0,4,12,4,10,9.1,8,4,82.80999999999999
3.25,2,11,2,13,4.0,9,3,16.0
7.35,2,6,4,18,6.0,5,3,36.0
3.2,2,4,4,20,4.0,8,3,16.0
2.5,2,5,5,20,3.5,9,3,12.25
3.25,2,5,5,14,3.5,5,3,12.25
2.5,2,4,3,16,3.1,7,3,9.610000000000001
2.9,2,5,2,20,2.3,21,3,5.289999999999999
4.1,3,5,4,13,5.2,17,3,27.040000000000003
4.5,2,4,3,15,7.0,6,3,49.0
5.0,2,4,3,20,5.2,6,4,27.040000000000003
4.75,2,3,4,15,6.1,6,3,37.209999999999994
3.5,3,8,4,10,5.0,23,4,25.0
5.35,4,8,4,12,8.1,13,3,65.61
3.9,2,6,4,14,4.0,7,3,16.0
3.5,3,6,3,22,4.0,9,3,16.0
3.15,2,3,4,13,4.0,11,3,16.0
2.65,2,6,4,13,3.3,5,3,10.889999999999999
3.5,2,6,3,14,5.0,7,3,25.0
5.5,2,4,5,15,11.0,11,3,121.0
4.9,2,5,6,13,5.1,9,3,26.009999999999998
2.85,2,7,4,13,4.0,9,3,16.0
2.15,2,4,4,9,2.2,5,3,4.840000000000001
2.2,2,4,4,10,3.0,16,3,9.0
2.2,2,6,5,26,3.0,11,3,9.0
2.4,2,4,5,10,3.0,16,3,9.0
3.65,3,4,3,13,6.2,11,3,38.440000000000005
2.7,2,6,4,13,3.3,16,4,10.889999999999999
3.3,2,5,4,14,4.0,12,4,16.0
2.7,3,5,4,13,3.1,2,4,9.610000000000001
4.65,2,4,4,14,4.0,5,4,16.0
2.0,3,3,3,26,5.1,8,3,26.009999999999998
3.6,2,5,2,20,7.0,11,4,49.0
2.7,3,5,4,10,4.0,9,3,16.0
3.0,2,5,4,12,3.0,9,4,9.0
5.1,2,5,4,20,5.0,2,4,25.0
2.98,3,6,3,13,4.1,26,3,16.81
4.8,2,5,3,15,8.3,12,3,68.89000000000001
2.35,2,5,3,13,3.0,2,4,9.0
7.0,4,13,9,13,10.0,5,4,100.0
2.5,2,6,2,13,3.2,9,3,10.240000000000002
2.85,2,5,4,14,4.0,2,3,16.0
2.75,2,4,3,16,4.1,21,3,16.81
2.95,2,4,3,16,4.2,9,3,17.64
4.8,3,7,5,13,6.2,8,3,38.440000000000005
3.2,3,7,4,20,3.5,5,3,12.25
3.15,2,5,5,13,5.0,12,3,25.0
6.15,4,21,21,20,2.2,3,3,4.840000000000001
1.5,1,3,1,10,2.2,5,3,4.840000000000001
2.3,2,5,3,10,3.2,20,3,10.240000000000002
2.0,2,4,2,20,3.1,12,0,9.610000000000001
5.75,2,6,3,10,9.1,10,3,82.80999999999999
2.0,2,4,2,10,3.1,8,3,9.610000000000001
3.0,2,4,4,10,4.0,5,3,16.0
2.68,3,6,4,10,3.2,11,3,10.240000000000002
3.0,2,6,4,20,4.0,2,4,16.0
3.1,3,6,5,20,3.2,9,3,10.240000000000002
4.25,2,3,3,15,6.0,12,4,36.0
5.0,3,3,5,36,4.2,12,3,17.64
5.35,2,13,5,13,8.0,2,3,64.0
2.6,2,4,3,13,3.0,2,4,9.0
2.4,2,5,3,13,3.1,5,3,9.610000000000001
3.0,2,2,2,12,3.7,8,3,13.690000000000001
5.5,2,4,5,16,5.0,5,4,25.0
4.65,2,9,6,15,7.0,9,3,49.0
3.6,2,4,5,15,4.0,9,3,16.0
2.75,3,6,4,12,4.0,9,3,16.0
4.25,2,6,5,18,5.0,2,3,25.0
4.25,4,16,4,36,4.2,21,4,17.64
4.5,2,5,4,16,4.0,9,3,16.0
2.7,2,6,3,13,3.2,9,3,10.240000000000002
2.85,2,4,4,16,3.2,5,3,10.240000000000002
3.55,3,4,4,12,3.0,8,3,9.0
2.9,2,4,4,13,4.2,5,3,17.64
3.2,2,5,4,20,4.2,9,4,17.64
3.0,2,4,4,20,4.2,9,3,17.64
5.0,3,4,5,16,5.1,11,3,26.009999999999998
1.65,1,2,1,13,3.0,11,4,9.0
2.4,3,4,4,13,3.0,23,4,9.0
2.8,3,5,3,13,3.3,11,3,10.889999999999999
3.5,3,7,4,13,4.0,23,3,16.0
2.75,2,6,4,26,3.0,3,3,9.0
2.85,3,8,6,13,4.0,5,3,16.0
3.65,2,7,7,14,6.1,8,3,37.209999999999994
4.5,2,6,5,15,5.0,5,3,25.0
7.2,2,7,5,20,8.0,9,3,64.0
2.5,2,4,4,16,3.2,9,3,10.240000000000002
3.0,2,4,3,8,4.2,6,4,17.64
2.6,2,5,3,13,3.2,23,3,10.240000000000002
1.85,2,6,5,13,2.7,13,3,7.290000000000001
4.5,2,5,4,13,4.3,2,3,18.49
4.5,3,6,4,13,5.0,9,3,25.0
3.95,2,4,4,13,5.0,9,4,25.0
4.5,3,3,3,20,4.2,6,3,17.64
1.25,1,2,1,20,3.0,23,3,9.0
4.1,3,5,4,20,4.0,13,3,16.0
3.8,3,4,4,13,3.3,11,4,10.889999999999999
3.75,3,6,4,13,4.0,23,3,16.0
6.5,2,6,7,14,6.2,6,3,38.440000000000005
2.49,2,3,3,20,2.3,11,4,5.289999999999999
4.5,2,4,4,16,5.0,5,4,25.0
1.4,2,3,2,14,3.2,9,0,10.240000000000002
5.95,3,5,5,13,6.0,5,3,36.0
3.5,3,8,4,13,4.0,8,3,16.0
3.0,2,5,4,12,4.3,5,3,18.49
5.0,2,4,5,15,5.1,9,3,26.009999999999998
4.5,2,5,4,13,5.2,9,3,27.040000000000003
4.65,2,4,4,20,4.2,9,4,17.64
2.98,2,5,4,13,4.1,5,3,16.81
2.9,2,6,3,12,4.0,11,3,16.0
2.3,2,4,3,13,4.0,9,3,16.0
1.25,1,2,2,20,4.0,9,3,16.0
5.5,3,7,4,16,6.0,5,4,36.0
6.75,2,6,5,12,6.1,5,3,37.209999999999994
3.6,3,6,5,13,5.0,9,3,25.0
3.5,2,6,6,20,3.0,9,3,9.0
4.25,2,5,5,16,3.3,18,3,10.889999999999999
5.3,2,4,4,13,5.2,11,4,27.040000000000003
4.0,2,5,4,20,5.0,6,4,25.0
3.65,2,5,5,15,6.2,18,3,38.440000000000005
3.99,2,4,4,15,5.0,16,4,25.0
3.85,2,6,5,20,4.2,6,3,17.64
3.85,2,6,5,13,5.0,7,3,25.0
6.74,2,4,3,20,10.2,6,3,104.03999999999999
1.4,1,2,1,20,3.2,9,3,10.240000000000002
3.15,2,11,5,13,4.0,8,3,16.0
4.75,2,5,4,13,4.2,8,4,17.64
3.7,2,6,4,22,4.5,10,4,20.25
2.5,2,5,3,12,4.0,8,3,16.0
1.85,2,4,3,26,4.2,11,4,17.64
2.1,3,10,3,10,3.3,7,0,10.889999999999999
3.5,2,6,4,22,6.0,6,4,36.0
2.75,2,4,4,17,4.0,8,4,16.0
1.9,3,10,3,19,3.0,21,3,9.0
1.9,2,5,4,13,3.2,16,3,10.240000000000002
5.25,3,8,4,12,8.0,6,3,64.0
4.5,2,5,4,13,8.0,6,3,64.0
2.65,2,4,4,11,3.2,5,4,10.240000000000002
4.5,2,6,3,12,6.1,5,4,37.209999999999994
2.75,2,6,1,20,3.2,8,4,10.240000000000002
4.5,2,5,5,13,5.2,7,3,27.040000000000003
4.25,2,7,4,18,5.2,21,4,27.040000000000003
6.25,2,6,3,16,8.0,16,0,64.0
4.2,2,4,3,13,8.2,6,4,67.24
3.25,3,5,3,16,3.3,25,3,10.889999999999999
2.9,2,3,3,26,3.0,8,4,9.0
3.2,2,4,4,20,4.0,11,3,16.0
5.5,2,3,3,18,5.0,21,4,25.0
2.0,2,5,2,13,3.0,6,3,9.0
4.8,2,6,5,25,4.0,7,3,16.0
4.0,2,4,4,20,3.0,8,4,9.0
3.6,2,6,3,49,5.0,21,4,25.0
3.65,2,5,4,20,3.2,16,4,10.240000000000002
5.35,2,5,5,21,5.2,5,3,27.040000000000003
5.5,2,4,5,20,5.0,5,4,25.0
3.5,2,6,6,20,3.2,10,3,10.240000000000002
2.6,3,8,4,10,3.0,12,3,9.0
4.5,2,4,5,20,5.0,3,3,25.0
7.0,2,4,3,12,7.0,6,3,49.0
3.5,3,5,4,13,3.0,5,3,9.0
2.05,2,4,4,13,2.2,3,4,4.840000000000001
3.0,1,4,2,13,4.0,2,3,16.0
2.25,2,4,2,10,2.2,21,3,4.840000000000001
2.4,3,5,3,11,3.0,6,3,9.0
5.5,2,3,4,18,4.2,5,4,17.64
4.0,2,4,5,26,4.0,11,4,16.0
3.9,3,6,5,20,5.0,21,3,25.0
6.25,2,4,3,13,9.2,5,3,84.63999999999999
6.25,2,3,3,13,10.0,5,3,100.0
7.0,2,6,5,20,8.0,11,3,64.0
3.15,2,5,5,20,3.2,7,3,10.240000000000002
5.75,2,5,5,15,6.0,21,3,36.0
6.75,2,5,5,15,8.0,8,3,64.0
3.35,2,5,4,13,5.0,11,3,25.0
4.15,2,4,4,17,4.0,12,3,16.0
3.0,2,3,3,13,3.1,8,4,9.610000000000001
2.1,2,5,3,10,3.0,21,3,9.0
2.6,3,6,5,13,4.0,16,3,16.0
3.1,2,4,5,15,4.0,5,4,16.0
1.6,2,4,5,12,2.2,5,3,4.840000000000001
3.35,2,6,5,13,4.0,5,3,16.0
4.5,5,15,7,12,3.2,5,3,10.240000000000002
1.4,2,5,6,15,6.0,25,4,36.0
1.8,2,3,3,15,10.0,10,4,100.0
1.45,1,4,1,11,3.0,7,4,9.0
4.4,2,4,4,20,3.3,8,4,10.889999999999999
7.5,2,4,5,24,7.3,7,3,53.29
3.95,3,7,5,13,5.0,12,3,25.0
4.5,6,14,6,13,4.2,19,3,17.64
3.0,2,6,3,12,4.2,21,3,17.64
3.38,2,6,5,13,4.2,7,3,17.64
1.85,2,5,4,12,3.0,6,3,9.0
2.0,2,5,4,26,3.0,8,4,9.0
1.4,1,2,1,12,3.0,16,3,9.0
2.6,2,5,4,13,4.0,5,3,16.0
2.85,2,6,4,15,4.0,5,3,16.0
3.9,2,4,3,16,4.3,25,3,18.49
2.9,2,4,4,20,2.9,8,4,8.41
1.75,2,4,4,13,2.5,11,4,6.25
3.35,2,6,2,13,4.5,7,3,20.25
2.65,2,4,4,13,3.3,12,0,10.889999999999999
2.75,4,13,4,12,4.0,8,3,16.0
6.0,2,6,5,15,6.0,19,3,36.0
2.85,1,2,1,14,5.0,7,4,25.0
1.3,4,4,2,4,3.0,10,3,9.0
2.55,3,5,2,13,4.0,11,3,16.0
3.9,2,4,4,13,5.2,12,3,27.040000000000003
4.25,2,5,5,15,5.0,8,3,25.0
4.0,3,7,5,17,5.0,11,3,25.0
7.5,2,5,5,14,7.0,13,3,49.0
3.65,2,3,4,13,3.2,21,4,10.240000000000002
3.88,2,5,4,15,3.0,13,3,9.0
4.5,2,4,4,20,6.0,20,4,36.0
5.95,2,5,5,16,6.0,3,4,36.0
4.1,2,4,4,20,3.3,3,4,10.889999999999999
5.5,5,20,22,13,6.2,1,3,38.440000000000005
5.9,2,5,5,15,7.3,3,3,53.29
4.55,2,6,5,15,5.0,9,3,25.0
2.05,2,7,3,10,3.0,18,3,9.0
3.75,3,8,3,10,3.1,9,3,9.610000000000001
4.35,2,3,3,16,4.2,8,3,17.64
3.1,2,5,3,13,3.3,6,3,10.889999999999999
3.1,2,4,4,14,4.0,3,3,16.0
2.75,2,5,3,13,4.0,6,4,16.0
3.2,2,6,5,15,3.0,3,3,9.0
5.25,2,7,5,15,7.2,3,3,51.84
6.0,3,5,5,13,6.0,9,4,36.0
7.0,4,8,12,13,7.1,18,3,50.41
2.15,1,2,1,14,4.3,9,3,18.49
5.75,2,6,5,15,6.0,6,3,36.0
5.5,2,6,5,13,6.2,3,3,38.440000000000005
1.95,3,7,5,15,3.0,6,3,9.0
2.85,2,4,3,13,3.1,1,3,9.610000000000001
3.5,4,4,2,16,3.1,3,3,9.610000000000001
6.5,3,10,4,16,6.1,7,3,37.209999999999994
3.5,3,6,3,16,3.5,6,3,12.25
6.75,2,3,3,15,8.0,7,3,64.0
4.3,2,4,4,15,5.1,3,4,26.009999999999998
3.05,3,5,4,15,3.3,7,3,10.889999999999999
4.0,2,3,3,13,4.0,3,4,16.0
1.9,2,4,5,13,3.2,5,3,10.240000000000002
3.35,2,4,3,20,4.0,5,3,16.0
3.0,3,6,3,13,3.2,5,3,10.240000000000002
4.65,2,5,4,16,5.0,10,3,25.0
2.4,3,6,3,11,3.0,14,3,9.0
3.2,2,6,4,13,4.0,13,3,16.0
3.3,2,4,4,20,3.2,4,4,10.240000000000002
4.75,3,9,4,12,5.0,3,3,25.0
2.8,2,6,4,20,3.5,27,3,12.25
3.75,2,4,4,15,6.0,1,3,36.0
2.9,2,6,5,12,3.2,3,3,10.240000000000002
3.7,2,4,2,10,5.0,3,3,25.0
3.85,2,5,5,13,5.2,3,4,27.040000000000003
7.15,3,8,7,12,6.0,7,3,36.0
6.2,2,6,5,15,6.1,6,3,37.209999999999994
4.5,2,6,5,13,5.0,3,3,25.0
3.75,2,5,5,13,4.2,7,3,17.64
3.1,2,6,5,16,4.2,6,4,17.64
3.55,3,6,5,14,4.2,7,4,17.64
5.6,3,7,6,14,7.0,3,3,49.0
1.1,2,3,3,8,3.0,7,0,9.0
7.0,2,3,3,15,8.0,7,3,64.0
3.3,2,6,5,13,4.0,7,3,16.0
6.5,2,5,4,20,6.0,4,3,36.0
2.35,3,6,4,13,3.0,7,3,9.0
3.6,3,5,3,10,4.1,22,4,16.81
2.25,2,4,5,13,3.2,31,4,10.240000000000002
2.5,2,4,4,16,3.1,2,4,9.610000000000001
2.3,2,6,5,13,3.0,3,4,9.0
1.5,1,2,2,13,3.0,7,4,9.0
3.0,2,4,4,13,3.2,5,4,10.240000000000002
3.5,2,4,4,22,3.2,5,4,10.240000000000002
2.5,2,5,2,13,3.2,4,4,10.240000000000002
1.95,2,5,5,13,2.2,11,4,4.840000000000001
3.75,2,4,4,13,4.0,2,4,16.0
1.95,2,4,4,13,2.2,6,4,4.840000000000001
3.85,2,6,5,13,5.1,13,3,26.009999999999998
2.15,2,5,2,5,5.2,5,3,27.040000000000003
3.35,2,5,5,15,4.1,5,3,16.81
3.78,2,4,5,16,5.2,5,3,27.040000000000003
2.65,2,4,4,18,3.1,5,3,9.610000000000001
3.7,2,6,5,13,6.0,5,3,36.0
1.2,1,2,1,13,3.0,5,4,9.0
6.0,3,4,5,13,8.3,6,3,68.89000000000001
2.9,4,11,4,13,4.0,13,3,16.0
3.95,3,7,5,13,4.1,11,4,16.81
3.5,2,3,4,20,3.0,3,4,9.0
2.5,2,6,2,13,2.1,1,4,4.41
1.55,2,6,4,12,4.0,7,3,16.0
3.95,2,4,4,20,4.2,5,3,17.64
6.25,2,5,6,13,6.2,11,4,38.440000000000005
5.25,4,36,17,13,6.2,31,3,38.440000000000005
2.4,2,5,5,13,3.1,5,3,9.610000000000001
4.95,2,8,5,13,8.0,4,3,64.0
1.8,2,5,4,13,3.0,11,3,9.0
3.35,2,5,5,15,4.1,2,3,16.81
4.5,2,6,3,12,8.2,6,3,67.24
1.95,2,6,3,12,3.0,3,3,9.0
3.4,2,6,5,13,5.0,7,3,25.0
4.45,2,5,5,15,5.0,31,3,25.0
2.2,2,6,6,13,3.2,3,3,10.240000000000002
2.85,2,6,5,13,4.1,16,3,16.81
2.75,2,5,4,13,4.0,13,4,16.0
1.7,1,2,1,13,3.2,4,3,10.240000000000002
4.85,2,4,4,20,8.0,3,3,64.0
6.5,2,5,4,14,6.1,3,3,37.209999999999994
4.95,2,4,4,13,4.0,14,4,16.0
3.5,2,5,4,18,5.0,3,3,25.0
5.5,4,8,5,12,5.2,11,4,27.040000000000003
2.45,2,5,3,20,3.0,16,3,9.0
1.7,2,5,3,10,3.3,31,3,10.889999999999999
1.85,2,4,3,14,3.0,7,4,9.0
2.5,3,4,5,16,3.0,11,4,9.0
3.0,2,7,5,12,4.0,9,3,16.0
4.5,3,7,7,20,5.0,9,3,25.0
4.48,2,7,5,13,5.0,12,3,25.0
3.5,2,5,5,13,5.0,12,3,25.0
6.0,2,4,5,13,9.1,2,3,82.80999999999999
2.2,3,7,3,15,2.3,2,3,5.289999999999999
2.49,2,7,4,13,3.2,9,3,10.240000000000002
2.75,2,5,4,16,3.1,9,3,9.610000000000001
3.15,3,5,6,13,4.1,12,3,16.81
1.9,2,7,5,20,4.0,2,3,16.0
2.6,2,3,4,14,3.0,11,3,9.0
2.5,6,8,5,11,3.5,2,3,12.25
2.75,2,4,4,13,4.2,5,3,17.64
3.22,2,5,4,12,5.2,5,0,27.040000000000003
3.5,3,5,6,20,4.2,23,3,17.64
5.1,2,4,3,20,4.3,12,4,18.49
2.75,2,4,5,20,3.2,2,4,10.240000000000002
4.0,2,4,5,27,4.0,2,4,16.0
6.1,2,6,5,15,6.0,8,3,36.0
2.6,2,5,3,13,3.0,12,3,9.0
3.9,2,4,4,20,4.0,11,3,16.0
2.85,2,3,6,14,4.0,9,3,16.0
1.95,2,5,3,13,3.0,9,3,9.0
2.85,2,6,5,13,4.2,12,3,17.64
6.55,2,6,4,12,8.2,2,3,67.24
3.2,2,4,4,16,3.3,5,4,10.889999999999999
3.6,3,7,7,16,4.1,9,3,16.81
1.85,4,7,5,10,3.1,11,3,9.610000000000001
2.7,2,5,4,20,3.0,9,4,9.0
2.85,2,4,2,13,4.3,12,4,18.49
3.3,2,5,4,13,4.0,2,4,16.0
3.65,3,6,4,20,3.3,2,4,10.889999999999999
3.65,2,5,5,13,4.2,5,4,17.64
5.1,2,4,2,20,4.3,8,4,18.49
2.5,2,4,5,13,3.2,5,0,10.240000000000002
2.2,2,4,2,13,4.0,9,4,16.0
2.3,2,4,2,12,3.0,2,4,9.0
2.2,2,4,5,16,3.1,11,4,9.610000000000001
2.5,2,4,4,13,3.3,9,4,10.889999999999999
3.5,3,6,3,13,4.0,7,4,16.0
3.5,3,7,4,13,4.0,1,4,16.0
2.2,2,4,4,20,3.0,3,4,9.0
2.3,2,5,5,10,3.1,3,4,9.610000000000001
2.85,2,4,2,13,3.3,3,4,10.889999999999999
2.6,2,4,4,13,3.0,3,4,9.0
4.25,3,8,3,15,6.0,3,3,36.0
2.4,2,5,5,12,5.1,5,4,26.009999999999998
2.23,2,3,3,16,3.0,5,3,9.0
2.75,2,6,6,13,4.0,10,3,16.0
2.55,2,7,4,6,4.1,4,3,16.81
2.5,2,4,5,18,4.0,17,3,16.0
5.0,3,7,4,36,4.2,7,3,17.64
3.0,2,5,4,20,4.3,3,3,18.49
2.99,3,8,4,10,4.5,7,3,20.25
4.5,3,21,5,22,5.0,3,3,25.0
1.0,2,5,7,13,18.0,3,0,324.0
2.99,3,8,4,10,3.0,3,3,9.0
3.5,4,18,4,26,4.0,3,3,16.0
4.0,2,5,5,17,4.0,5,4,16.0
1.33,1,2,1,12,3.0,10,3,9.0
1.9,2,4,2,10,2.2,3,4,4.840000000000001
4.0,3,6,4,16,13.3,4,3,176.89000000000001
7.0,2,7,2,36,15.0,3,0,225.0
3.3,2,6,32,22,3.3,6,3,10.889999999999999
1.8,4,3,4,12,2.0,17,4,4.0
3.25,2,5,1,10,6.0,3,3,36.0
4.5,2,6,5,15,5.2,26,3,27.040000000000003
3.75,2,7,5,14,6.0,6,3,36.0
3.45,2,7,5,13,5.1,3,3,26.009999999999998
1.43,2,3,3,12,2.2,19,3,4.840000000000001
6.5,5,9,9,16,6.0,3,3,36.0
2.3,2,4,4,13,3.1,3,3,9.610000000000001
7.5,2,5,6,13,8.3,3,3,68.89000000000001
2.75,2,3,3,13,4.0,7,3,16.0
5.0,2,4,5,13,6.0,7,4,36.0
2.6,2,4,4,13,3.2,3,4,10.240000000000002
1.75,2,6,4,13,2.2,3,4,4.840000000000001
2.35,2,5,5,13,3.0,3,4,9.0
2.95,2,3,3,13,4.0,3,3,16.0
3.2,2,4,4,16,3.3,3,4,10.889999999999999
4.0,2,4,5,27,4.0,5,4,16.0
3.5,2,7,4,14,4.0,6,3,16.0
2.25,2,6,4,13,3.1,5,4,9.610000000000001
2.1,2,4,4,13,2.3,5,4,5.289999999999999
2.25,2,4,5,13,3.0,10,4,9.0
2.55,2,6,4,20,3.3,3,4,10.889999999999999
2.7,2,6,3,18,4.0,7,3,16.0
2.95,2,4,5,13,5.0,4,3,25.0
2.05,2,4,3,16,3.0,5,3,9.0
2.5,2,10,5,13,3.0,5,3,9.0
3.8,2,4,1,12,4.1,3,4,16.81
4.7,2,5,3,20,6.2,7,3,38.440000000000005
3.4,2,4,2,13,4.0,3,4,16.0
3.0,3,8,3,13,3.2,19,3,10.240000000000002
2.2,2,4,2,14,3.2,3,3,10.240000000000002
6.0,2,3,3,17,11.0,15,3,121.0
6.0,2,6,4,15,5.2,9,3,27.040000000000003
6.2,2,4,6,20,9.2,15,3,84.63999999999999
2.6,2,6,3,11,4.0,11,3,16.0
2.75,3,6,3,16,3.1,17,3,9.610000000000001
4.25,2,4,5,20,4.0,13,3,16.0
3.25,3,5,4,18,5.0,7,3,25.0
1.2,1,2,1,20,3.1,3,3,9.610000000000001
4.55,2,5,3,15,6.0,5,3,36.0
4.7,2,6,2,12,9.0,6,3,81.0
4.5,2,5,4,13,4.2,3,4,17.64
2.65,2,6,4,13,3.1,7,3,9.610000000000001
3.85,2,6,4,13,5.0,3,3,25.0
3.35,2,4,5,13,4.0,3,3,16.0
6.75,2,5,4,20,7.0,7,3,49.0
4.0,2,6,4,20,4.2,1,4,17.64
3.9,2,4,4,14,4.2,19,4,17.64
3.1,3,6,5,14,4.2,15,3,17.64
4.0,2,4,4,11,4.2,23,4,17.64
3.6,2,7,4,13,3.3,11,3,10.889999999999999
3.15,2,6,5,12,5.0,9,3,25.0
4.0,3,7,5,13,4.1,19,4,16.81
1.0,1,3,1,13,2.2,3,3,4.840000000000001
2.65,2,8,4,36,5.0,17,3,25.0
4.5,2,4,4,15,3.5,13,4,12.25
3.25,2,4,2,13,4.0,7,3,16.0
1.4,1,2,1,13,3.0,1,3,9.0
6.2,5,17,10,13,7.2,19,4,51.84
1.35,1,2,1,13,3.0,15,3,9.0
3.6,2,6,5,14,5.0,25,3,25.0
3.35,5,16,7,20,3.0,13,3,9.0
3.2,4,8,4,16,2.3,10,3,5.289999999999999
6.5,2,5,7,13,5.0,3,3,25.0
4.5,2,4,3,15,4.4,7,3,19.360000000000003
5.8,3,5,5,18,9.1,4,3,82.80999999999999
2.4,2,5,3,28,3.3,3,3,10.889999999999999
5.0,3,5,5,10,6.0,17,3,36.0
6.5,3,6,6,24,15.2,13,3,231.04
3.6,2,7,5,12,4.0,26,4,16.0
2.1,2,3,3,13,3.0,13,4,9.0
4.6,2,4,4,13,6.0,1,3,36.0
3.6,2,4,4,16,4.1,19,3,16.81
3.45,2,5,5,13,4.3,15,3,18.49
4.4,2,5,4,13,7.0,3,3,49.0
1.38,1,2,1,13,3.0,4,3,9.0
1.85,2,5,3,13,3.0,3,3,9.0
2.4,4,4,4,24,2.2,3,0,4.840000000000001
3.78,2,6,4,13,5.0,3,3,25.0
2.4,2,6,3,20,3.2,4,3,10.240000000000002
1.68,1,2,1,13,3.1,18,3,9.610000000000001
5.5,2,5,3,13,3.0,31,3,9.0
3.65,2,7,3,12,4.0,18,3,16.0
1.5,1,2,1,13,4.0,3,0,16.0
5.0,2,7,7,13,4.5,22,3,20.25
3.5,2,5,4,13,4.0,4,3,16.0
2.8,2,5,4,13,4.0,4,3,16.0
3.5,2,5,3,25,6.0,11,3,36.0
3.3,3,4,4,20,4.0,9,3,16.0
2.2,2,6,4,12,2.6,5,4,6.760000000000001
2.85,2,7,4,20,3.2,4,4,10.240000000000002
1.7,1,2,1,16,4.1,4,3,16.81
3.6,2,5,4,13,5.0,4,3,25.0
2.1,2,5,3,12,3.1,10,3,9.610000000000001
2.35,2,5,3,20,3.2,3,4,10.240000000000002
6.8,2,5,4,14,6.3,3,3,39.69
6.4,3,8,6,15,8.0,16,4,64.0
6.0,2,5,4,14,7.0,25,3,49.0
3.5,3,5,3,8,6.2,5,3,38.440000000000005
3.25,2,3,4,12,3.0,6,3,9.0
4.0,2,6,7,15,3.0,16,3,9.0
2.4,2,5,4,13,3.2,10,4,10.240000000000002
1.9,3,6,4,13,2.2,3,4,4.840000000000001
2.55,3,6,5,12,3.2,7,3,10.240000000000002
4.0,2,5,4,14,15.2,14,3,231.04
1.95,2,5,3,13,3.2,4,3,10.240000000000002
3.5,2,4,4,16,5.2,3,3,27.040000000000003
1.6,2,5,3,13,2.3,3,3,5.289999999999999
2.75,2,5,4,13,3.2,13,4,10.240000000000002
3.75,3,5,4,14,5.2,26,3,27.040000000000003
3.1,3,5,4,13,4.1,3,4,16.81
4.5,3,5,6,26,4.0,17,3,16.0
5.15,2,5,3,10,8.0,7,3,64.0
3.5,2,4,4,13,4.2,14,3,17.64
3.5,2,4,4,13,4.2,4,3,17.64
3.75,2,5,3,10,3.0,3,3,9.0
2.3,2,4,4,13,3.0,3,4,9.0
3.95,2,5,5,16,5.0,17,3,25.0
2.1,2,4,4,13,3.0,13,3,9.0
7.0,4,14,6,18,7.0,4,4,49.0
3.8,2,4,3,10,4.1,13,4,16.81
3.1,1,2,1,13,8.0,16,3,64.0
2.4,3,4,4,13,3.1,19,4,9.610000000000001
1.5,2,6,4,11,3.1,11,4,9.610000000000001
2.4,3,4,4,20,2.2,7,3,4.840000000000001
7.0,2,5,5,20,6.2,17,3,38.440000000000005
2.75,2,5,4,20,3.2,13,4,10.240000000000002
2.75,2,5,4,16,4.0,4,4,16.0
3.0,2,3,3,13,4.0,7,3,16.0
4.85,2,4,4,13,6.0,7,3,36.0
3.65,3,4,4,13,5.0,3,3,25.0
3.0,2,5,5,12,3.0,7,3,9.0
3.75,3,7,4,14,3.5,13,3,12.25
1.2,1,5,4,16,3.0,9,3,9.0
4.3,2,3,3,12,4.2,4,3,17.64
2.95,2,4,4,13,4.0,6,3,16.0
3.05,2,5,3,14,5.0,4,3,25.0
4.5,2,8,8,13,3.2,9,3,10.240000000000002
2.65,2,5,5,16,3.2,4,4,10.240000000000002
3.75,2,4,3,13,4.0,6,3,16.0
1.3,2,3,2,20,4.3,13,4,18.49
3.6,2,6,5,14,5.0,4,3,25.0
7.25,3,6,4,10,9.0,6,3,81.0
3.5,2,5,4,13,6.0,4,3,36.0
3.1,2,7,5,13,4.0,9,3,16.0
4.9,2,5,4,20,4.1,4,3,16.81
3.3,2,5,4,16,4.2,6,3,17.64
2.65,2,5,4,13,3.2,13,4,10.240000000000002
5.5,3,6,4,10,8.0,23,3,64.0
5.85,3,13,4,18,8.2,11,3,67.24
2.8,2,4,4,15,4.0,6,4,16.0
1.95,2,4,3,13,2.3,13,4,5.289999999999999
1.0,1,3,2,6,2.5,3,3,6.25
3.1,2,5,3,13,4.0,13,3,16.0
7.5,2,6,6,20,10.0,23,3,100.0
3.6,2,6,5,14,5.0,16,3,25.0
3.5,3,5,6,20,4.0,6,3,16.0
2.95,2,5,4,13,5.0,6,3,25.0
2.2,2,4,3,15,3.2,9,3,10.240000000000002
1.75,2,4,2,10,2.0,4,0,4.0
4.5,2,5,4,10,5.0,21,4,25.0
2.1,2,5,2,13,3.0,11,3,9.0
2.65,2,5,3,11,3.2,6,4,10.240000000000002
6.5,2,6,5,16,5.0,13,4,25.0
3.8,3,9,4,12,4.0,3,3,16.0
2.95,2,7,3,12,4.0,23,3,16.0
3.9,3,5,7,13,5.1,7,3,26.009999999999998
1.25,2,4,4,20,3.1,13,4,9.610000000000001
4.5,2,5,5,18,5.0,4,4,25.0
4.5,2,4,5,20,4.2,6,4,17.64
4.0,3,6,5,13,5.0,13,3,25.0
3.0,3,7,4,18,3.0,7,4,9.0
3.75,2,4,3,13,4.1,13,3,16.81
2.05,2,5,3,13,3.1,7,3,9.610000000000001
2.22,2,5,4,13,3.2,3,3,10.240000000000002
4.85,5,14,15,20,6.3,16,3,39.69
3.05,3,5,5,14,4.1,13,4,16.81
4.5,4,6,5,20,3.2,3,3,10.240000000000002
5.2,2,6,6,15,5.0,21,3,25.0
4.8,2,4,6,13,5.0,21,3,25.0
6.9,4,7,7,36,6.1,21,3,37.209999999999994
2.9,2,3,4,18,3.3,8,4,10.889999999999999
3.8,2,5,5,16,5.2,6,4,27.040000000000003
4.5,4,6,5,26,4.0,6,3,16.0
3.8,2,5,5,18,5.2,8,4,27.040000000000003
5.5,2,4,4,13,8.2,10,3,67.24
3.6,2,6,6,20,3.0,6,4,9.0
4.25,3,6,5,11,3.3,3,3,10.889999999999999
2.6,3,5,3,18,4.2,7,3,17.64
2.95,2,6,5,20,3.2,3,4,10.240000000000002
6.5,2,6,3,18,7.0,7,3,49.0
3.8,2,4,4,12,5.1,13,4,26.009999999999998
4.5,2,5,3,20,5.0,4,3,25.0
1.3,1,2,1,12,3.1,4,3,9.610000000000001
7.5,2,4,6,15,10.2,3,4,104.03999999999999
1.55,2,4,4,12,2.2,7,3,4.840000000000001
7.0,2,6,3,20,13.2,3,3,174.23999999999998
3.8,3,7,4,13,5.0,7,3,25.0
2.9,2,4,4,13,4.0,3,3,16.0
2.75,2,4,4,32,3.2,9,3,10.240000000000002
1.6,1,2,1,13,6.0,4,4,36.0
1.25,1,3,2,8,4.2,10,4,17.64
3.5,3,14,4,12,5.2,23,3,27.040000000000003
7.5,2,6,4,15,9.0,6,3,81.0
1.6,2,5,4,13,3.3,6,3,10.889999999999999
3.6,2,6,4,16,5.0,10,3,25.0
2.25,2,7,4,13,3.2,3,3,10.240000000000002
3.8,2,4,3,15,5.1,5,4,26.009999999999998
1.05,2,7,3,13,3.1,13,3,9.610000000000001
2.75,2,6,4,18,4.0,4,3,16.0
2.5,2,4,3,14,3.1,22,3,9.610000000000001
2.25,3,7,4,13,3.0,11,4,9.0
4.6,2,4,5,15,3.3,5,4,10.889999999999999
2.25,2,5,4,16,3.1,4,4,9.610000000000001
3.25,2,6,5,14,4.0,22,3,16.0
2.5,3,5,3,12,3.3,7,3,10.889999999999999
4.5,3,8,5,20,6.3,15,3,39.69
3.5,2,5,5,13,4.2,8,4,17.64
2.65,2,4,4,20,3.2,21,4,10.240000000000002
2.4,2,6,5,12,3.3,9,3,10.889999999999999
3.7,2,6,5,16,4.0,14,4,16.0
4.25,3,4,4,10,6.0,3,0,36.0
3.15,2,5,4,20,4.0,9,3,16.0
2.75,2,3,4,10,4.0,4,4,16.0
4.75,2,7,5,14,6.0,9,3,36.0
7.0,2,4,5,15,6.5,9,4,42.25
6.0,5,8,8,15,4.0,3,3,16.0
3.5,3,4,5,15,3.2,3,4,10.240000000000002
6.2,2,5,5,15,10.2,3,3,104.03999999999999
2.5,2,4,3,12,4.0,13,3,16.0
2.0,3,3,2,10,5.0,12,3,25.0
4.65,2,6,5,20,10.2,11,3,104.03999999999999
6.9,2,5,5,13,16.0,3,3,256.0
3.4,2,3,5,13,5.0,7,3,25.0
6.5,2,4,5,20,9.2,13,3,84.63999999999999
3.75,2,6,3,12,4.2,21,3,17.64
4.65,2,6,3,20,10.1,3,3,102.00999999999999
4.1,4,12,4,12,5.0,3,3,25.0
3.4,3,8,4,13,3.2,7,4,10.240000000000002
2.85,2,5,5,13,4.2,3,3,17.64
1.85,2,5,3,13,4.0,4,3,16.0
2.67,3,7,3,20,4.0,21,3,16.0
2.19,2,5,3,13,3.0,3,3,9.0
2.25,2,6,3,13,3.0,3,3,9.0
1.3,1,2,1,16,3.0,7,3,9.0
2.95,2,6,4,18,4.0,3,3,16.0
2.15,3,5,3,16,3.2,4,0,10.240000000000002
1.85,2,6,4,13,3.2,22,3,10.240000000000002
1.65,2,5,3,13,2.5,3,3,6.25
2.1,2,4,4,13,3.1,7,3,9.610000000000001
3.3,2,5,4,13,3.5,3,3,12.25
7.0,2,5,6,18,8.2,7,3,67.24
2.95,2,6,3,12,5.1,9,3,26.009999999999998
3.0,2,4,4,12,4.0,4,3,16.0
3.0,3,5,5,13,4.0,6,0,16.0
4.95,3,7,8,16,5.3,6,4,28.09
6.0,3,7,4,20,9.2,3,3,84.63999999999999
3.7,3,8,7,14,4.0,13,3,16.0
2.4,2,5,4,16,3.2,11,3,10.240000000000002
2.9,2,5,3,10,6.0,5,3,36.0
1.95,2,4,4,12,3.0,21,3,9.0
1.35,1,2,1,13,3.2,11,3,10.240000000000002
2.4,3,5,4,13,3.2,3,3,10.240000000000002
1.7,2,3,3,13,2.2,4,4,4.840000000000001
3.55,4,7,4,10,5.3,16,3,28.09
1.75,2,11,3,13,3.0,11,3,9.0
6.75,4,8,6,11,9.2,13,3,84.63999999999999
7.5,3,6,8,14,8.1,7,3,65.61
2.9,2,4,3,20,3.0,3,4,9.0
1.75,2,4,4,13,3.0,9,3,9.0
2.1,2,4,5,20,3.2,4,3,10.240000000000002
3.35,2,4,4,13,5.3,6,3,28.09
1.95,2,5,3,12,3.0,10,3,9.0
5.0,3,5,4,16,5.5,3,4,30.25
6.0,3,6,6,15,8.2,6,4,67.24
2.99,3,5,5,13,3.2,6,3,10.240000000000002
6.5,2,5,3,12,16.0,4,3,256.0
2.4,2,5,2,20,4.0,7,3,16.0
3.85,3,5,5,18,4.0,20,3,16.0
3.75,2,4,4,20,6.1,7,0,37.209999999999994
5.5,2,5,3,13,6.0,9,3,36.0
1.35,1,2,1,13,3.0,6,3,9.0
7.0,2,3,4,13,9.2,21,3,84.63999999999999
4.0,5,3,5,14,3.1,5,3,9.610000000000001
2.25,3,7,3,20,3.2,12,0,10.240000000000002
2.9,2,4,4,15,5.0,9,4,25.0
2.6,2,5,4,15,4.2,4,3,17.64
3.3,2,3,3,13,5.3,6,3,28.09
2.1,2,6,5,13,3.0,10,3,9.0
2.35,2,4,4,16,4.0,6,3,16.0
1.12,1,2,1,10,3.0,9,3,9.0
1.35,1,2,1,13,3.2,21,3,10.240000000000002
1.7,2,4,4,13,2.2,5,3,4.840000000000001
1.5,2,5,3,11,3.1,12,4,9.610000000000001
3.75,4,5,4,26,3.5,4,3,12.25
5.0,4,6,6,20,8.0,16,0,64.0
3.9,2,6,8,18,5.0,10,3,25.0
1.9,2,5,3,10,4.0,10,3,16.0
2.2,2,6,4,12,4.2,4,3,17.64
3.25,2,4,4,13,4.2,6,3,17.64
2.8,3,7,5,10,5.0,3,3,25.0
1.65,2,4,4,13,4.0,3,3,16.0
3.8,1,2,2,20,9.0,7,4,81.0
3.25,2,3,3,20,3.2,3,4,10.240000000000002
6.0,5,9,7,10,7.0,4,3,49.0
1.55,2,6,3,18,3.0,13,3,9.0
1.5,2,5,4,13,3.0,16,3,9.0
7.5,2,3,3,12,12.0,6,3,144.0
6.0,3,6,5,16,9.0,3,3,81.0
2.75,2,6,4,12,2.2,3,3,4.840000000000001
2.2,2,5,4,13,4.1,6,3,16.81
2.5,2,6,3,13,4.0,3,3,16.0
4.5,2,7,4,10,9.0,4,3,81.0
2.0,2,6,3,12,3.2,10,3,10.240000000000002
2.1,2,5,4,20,3.0,6,4,9.0
4.4,2,5,4,12,5.0,3,3,25.0
4.0,2,3,3,16,4.0,3,4,16.0
3.6,2,4,4,15,5.0,23,4,25.0
1.8,2,4,3,13,2.3,3,4,5.289999999999999
4.0,2,4,4,13,7.0,3,3,49.0
2.35,2,6,4,16,3.2,7,4,10.240000000000002
7.0,2,4,5,20,11.0,3,3,121.0
6.5,2,4,4,16,7.2,13,3,51.84
6.25,2,5,3,12,10.0,4,3,100.0
3.4,2,4,3,16,4.0,3,3,16.0
2.45,2,4,5,13,3.2,7,4,10.240000000000002
2.6,2,8,3,15,6.1,3,4,37.209999999999994
2.4,2,6,3,13,3.0,3,3,9.0
4.9,2,6,3,12,7.0,3,3,49.0
1.85,2,5,3,13,3.1,7,3,9.610000000000001
2.0,2,5,5,13,3.1,10,3,9.610000000000001
3.5,3,5,4,17,3.0,19,4,9.0
2.2,2,5,3,13,4.1,4,0,16.81
5.2,2,6,3,20,7.2,5,3,51.84
1.9,3,8,3,12,4.2,3,0,17.64
2.5,2,4,4,20,6.0,19,3,36.0
2.5,3,12,4,20,4.0,3,0,16.0
2.98,2,7,4,13,4.1,3,3,16.81
3.1,2,4,4,20,4.3,16,4,18.49
3.2,3,8,6,20,4.2,5,3,17.64
2.7,2,4,4,20,3.2,3,3,10.240000000000002
2.7,2,4,4,20,4.3,4,0,18.49
2.3,3,6,4,13,4.0,5,4,16.0
3.8,2,4,4,15,5.0,19,3,25.0
2.3,2,3,3,13,3.0,3,4,9.0
1.6,1,3,1,13,4.0,7,3,16.0
3.0,2,4,4,14,4.0,3,4,16.0
2.5,2,4,2,12,4.0,19,3,16.0
4.25,2,4,5,12,5.0,3,4,25.0
2.75,2,5,3,15,4.0,7,4,16.0
3.6,2,4,4,13,5.0,17,4,25.0
2.3,2,3,3,13,3.0,27,4,9.0
2.9,2,7,5,20,4.0,7,4,16.0
2.5,2,7,3,13,5.2,13,4,27.040000000000003
3.4,3,10,4,15,6.1,4,3,37.209999999999994
2.8,4,10,3,25,3.1,3,3,9.610000000000001
2.95,2,6,4,16,5.3,3,4,28.09
3.35,2,5,3,13,5.0,7,4,25.0
2.5,2,6,3,13,4.0,19,0,16.0
1.6,2,5,3,8,3.3,9,3,10.889999999999999
2.75,2,5,6,13,4.0,3,3,16.0
1.4,2,5,3,8,3.0,19,3,9.0
6.0,2,5,6,15,7.0,13,3,49.0
1.8,2,4,3,18,2.4,3,3,5.76
5.75,2,5,4,19,5.2,3,4,27.040000000000003
2.75,3,7,5,12,5.3,17,4,28.09
2.35,2,4,4,15,3.1,27,4,9.610000000000001
3.0,3,5,5,28,4.0,4,3,16.0
4.7,2,4,5,15,6.0,3,3,36.0
5.1,5,12,6,12,3.0,3,3,9.0
3.99,4,9,6,13,4.2,7,0,17.64
4.25,3,14,7,12,7.2,3,3,51.84
2.85,2,4,5,13,5.0,7,4,25.0
2.85,2,6,4,16,5.0,4,3,25.0
2.6,5,4,4,20,2.0,21,3,4.0
2.25,2,6,3,13,2.2,9,3,4.840000000000001
3.1,2,4,3,14,4.2,8,3,17.64
2.25,2,5,3,12,4.1,7,4,16.81
1.55,2,4,4,13,3.0,9,3,9.0
3.25,2,5,5,15,4.0,8,3,16.0
4.5,2,6,4,16,4.2,9,3,17.64
2.85,3,6,4,15,10.0,8,3,100.0
6.8,2,6,6,10,8.0,9,4,64.0
7.25,2,5,6,12,16.0,3,3,256.0
2.87,3,6,6,13,4.1,3,4,16.81
3.2,2,4,4,15,4.0,4,3,16.0
2.45,2,3,2,21,3.1,10,3,9.610000000000001
5.9,2,4,7,15,7.0,10,3,49.0
3.3,2,4,4,15,4.1,13,4,16.81
2.7,2,5,3,15,4.0,19,4,16.0
2.4,2,4,3,15,3.2,4,4,10.240000000000002
2.95,3,8,6,12,4.2,5,3,17.64
2.7,4,8,4,11,4.0,9,3,16.0
2.5,2,4,3,16,5.0,10,3,25.0
3.5,2,5,5,13,5.0,19,3,25.0
3.2,2,5,5,15,4.2,7,3,17.64
2.3,2,3,4,15,3.2,11,3,10.240000000000002
5.5,2,4,5,13,7.2,21,3,51.84
3.5,2,5,5,13,4.0,4,3,16.0
2.35,2,4,5,20,3.0,7,4,9.0
2.3,2,4,3,16,3.0,5,4,9.0
2.8,2,4,4,16,4.3,19,4,18.49
2.35,2,4,4,15,3.1,4,4,9.610000000000001
4.0,2,7,3,13,4.0,23,3,16.0
2.15,2,6,4,12,4.0,10,4,16.0
4.0,2,4,3,20,6.0,13,3,36.0
2.05,2,6,3,13,3.0,13,3,9.0
4.5,2,6,4,18,5.0,10,3,25.0
2.4,2,4,3,14,3.0,19,4,9.0
3.25,3,7,4,14,4.0,10,4,16.0
1.05,1,2,1,10,3.0,19,3,9.0
2.11,2,3,3,13,4.0,4,4,16.0
1.4,2,3,2,13,3.2,10,3,10.240000000000002
2.75,2,3,4,18,4.2,13,3,17.64
4.85,2,4,4,20,6.0,9,4,36.0
3.85,2,6,4,13,6.0,10,3,36.0
1.85,2,7,3,12,5.1,13,3,26.009999999999998
7.0,2,5,3,14,6.5,19,3,42.25
4.6,2,5,3,18,6.0,7,3,36.0
3.75,2,6,6,16,4.0,21,4,16.0
2.4,2,4,4,18,4.0,4,4,16.0
3.3,2,6,4,20,6.0,29,3,36.0
3.3,2,6,4,14,4.0,27,3,16.0
2.4,2,4,4,16,4.2,5,3,17.64
4.6,3,7,4,16,5.2,7,3,27.040000000000003
1.7,3,6,5,12,2.2,11,3,4.840000000000001
3.25,2,4,5,20,4.0,21,4,16.0
2.25,3,4,5,14,4.1,6,3,16.81
4.5,2,4,4,19,6.0,5,3,36.0
2.85,2,4,4,19,4.0,23,4,16.0
2.5,2,4,4,20,3.2,21,4,10.240000000000002
2.72,2,6,3,13,4.2,5,3,17.64
4.0,2,5,3,12,6.0,21,3,36.0
6.25,3,7,4,12,5.5,29,3,30.25
2.6,3,7,4,12,3.2,9,3,10.240000000000002
2.25,2,5,4,19,2.2,11,3,4.840000000000001
1.6,2,4,4,13,4.2,11,3,17.64
1.65,2,4,4,13,3.1,22,3,9.610000000000001
1.7,2,3,3,13,2.2,21,4,4.840000000000001
4.0,3,5,5,13,5.2,11,3,27.040000000000003
1.95,2,5,3,15,4.0,4,4,16.0
3.7,2,5,4,20,4.0,6,3,16.0
1.5,2,4,4,13,3.0,16,3,9.0
2.85,2,5,4,13,4.0,13,3,16.0
1.9,2,4,4,13,3.2,5,4,10.240000000000002
3.2,2,3,3,13,5.0,5,3,25.0
4.2,2,5,5,14,7.2,5,3,51.84
4.75,2,5,6,18,6.0,7,3,36.0
3.25,2,5,5,14,4.1,5,3,16.81
3.3,2,4,3,20,3.3,5,3,10.889999999999999
5.5,2,4,4,13,5.0,4,3,25.0
3.75,2,7,3,18,5.0,11,3,25.0
3.8,2,4,4,20,4.0,6,4,16.0
2.45,2,4,5,20,3.2,16,4,10.240000000000002
2.7,2,5,4,13,4.0,13,3,16.0
3.5,2,3,2,13,7.2,5,0,51.84
1.85,2,4,4,14,3.0,11,4,9.0
2.65,2,4,5,20,3.2,18,4,10.240000000000002
1.6,2,7,4,13,3.0,11,4,9.0
2.3,2,4,4,13,3.0,4,3,9.0
2.65,2,4,3,15,3.0,21,4,9.0
2.65,3,7,3,13,5.2,4,3,27.040000000000003
2.75,2,4,4,20,4.0,4,4,16.0
1.9,2,4,3,13,3.0,16,4,9.0
3.9,3,10,4,30,3.0,13,3,9.0
2.55,2,4,4,13,4.2,5,3,17.64
2.8,2,5,4,12,3.2,5,3,10.240000000000002
1.05,2,7,4,5,3.0,5,3,9.0
1.15,1,3,3,13,3.0,5,3,9.0
1.85,2,4,4,12,2.2,5,3,4.840000000000001
4.25,3,5,3,14,8.0,6,3,64.0
3.0,2,6,4,14,4.0,19,3,16.0
3.0,3,5,4,32,4.0,19,3,16.0
1.55,2,4,2,20,4.0,16,3,16.0
1.75,2,4,2,20,5.0,13,3,25.0
4.1,3,7,7,20,4.2,16,3,17.64
2.15,2,6,4,13,4.0,4,4,16.0
2.1,2,5,4,13,4.0,4,4,16.0
3.5,2,4,5,15,5.0,13,4,25.0
2.5,1,2,1,10,4.2,8,4,17.64
1.3,1,2,1,13,3.2,12,3,10.240000000000002
4.15,2,6,6,13,5.1,5,3,26.009999999999998
7.0,2,4,4,18,13.0,11,3,169.0
2.6,2,4,3,26,4.0,11,3,16.0
2.8,2,6,3,26,4.0,11,3,16.0
1.9,2,4,4,15,3.0,5,3,9.0
3.6,2,6,4,14,6.0,5,3,36.0
3.45,2,4,5,14,5.0,16,3,25.0
3.0,2,5,4,13,4.2,4,4,17.64
5.0,2,7,5,15,11.1,7,3,123.21
3.8,2,4,4,20,7.0,6,3,49.0
3.1,3,5,5,13,3.0,11,3,9.0
6.75,2,4,4,19,12.0,11,3,144.0
2.9,2,5,4,10,4.1,6,3,16.81
2.8,2,5,5,15,4.3,7,3,18.49
5.5,2,4,4,14,9.0,5,3,81.0
3.25,2,6,4,15,5.1,7,3,26.009999999999998
3.95,2,7,5,13,7.0,6,3,49.0
3.5,2,5,5,17,4.0,5,3,16.0
4.75,2,5,3,20,5.2,11,3,27.040000000000003
2.6,2,4,4,13,3.0,19,3,9.0
2.25,2,3,2,13,4.0,13,3,16.0
2.8,2,4,5,20,4.0,5,4,16.0
1.85,2,4,4,14,3.0,4,4,9.0
3.5,2,5,4,16,6.0,6,4,36.0
2.5,2,4,4,13,4.1,19,3,16.81
3.6,2,6,4,13,7.0,13,3,49.0
1.25,2,4,3,10,2.5,4,3,6.25
2.5,2,3,4,26,4.0,16,4,16.0
2.3,2,6,4,13,3.1,6,3,9.610000000000001
1.8,2,5,3,13,3.1,6,3,9.610000000000001
2.18,3,7,4,14,4.0,17,3,16.0
2.5,2,6,4,13,4.0,16,4,16.0
2.15,2,5,3,16,4.0,5,3,16.0
1.8,2,5,2,10,3.0,25,3,9.0
2.4,4,7,4,13,3.0,15,4,9.0
2.4,2,5,2,16,3.2,21,3,10.240000000000002
1.45,2,3,3,20,2.2,15,4,4.840000000000001
3.15,2,5,5,16,5.2,10,3,27.040000000000003
5.4,3,4,5,20,5.2,4,3,27.040000000000003
2.9,3,4,5,15,5.0,8,3,25.0
2.7,2,5,4,13,4.0,16,3,16.0
5.75,2,4,5,20,7.0,6,3,49.0
4.45,2,6,4,15,5.0,5,3,25.0
4.5,2,6,4,20,8.0,5,3,64.0
1.55,1,3,2,10,4.0,25,3,16.0
1.85,2,4,4,26,4.0,16,3,16.0
3.0,3,5,5,13,4.0,15,3,16.0
2.5,2,5,3,20,4.2,4,4,17.64
1.9,2,4,2,16,4.0,12,3,16.0
4.9,4,6,6,30,4.3,6,3,18.49
3.5,3,5,4,20,4.2,19,3,17.64
3.25,2,6,5,13,5.1,4,4,26.009999999999998
3.5,3,4,4,15,6.0,8,3,36.0
6.75,2,4,4,15,12.0,16,3,144.0
2.45,2,4,4,13,4.0,15,3,16.0
2.2,3,5,4,13,3.3,21,3,10.889999999999999
5.55,4,6,5,15,4.0,15,3,16.0
2.7,2,5,4,13,4.0,8,3,16.0
5.0,2,4,4,20,4.2,10,3,17.64
3.8,2,6,4,18,3.2,6,3,10.240000000000002
2.0,2,5,3,8,3.2,11,3,10.240000000000002
5.0,3,6,4,18,4.2,12,4,17.64
1.6,2,5,4,13,3.0,6,4,9.0
3.25,2,4,4,16,5.0,19,3,25.0
1.6,2,6,4,16,4.0,11,3,16.0
1.6,2,5,2,13,3.1,11,3,9.610000000000001
7.0,4,9,5,12,9.0,12,3,81.0
2.95,3,7,3,13,3.3,15,3,10.889999999999999
2.2,2,5,3,14,4.0,5,3,16.0
3.1,2,5,3,15,3.3,5,3,10.889999999999999
1.85,2,4,3,13,5.0,5,4,25.0
2.25,2,6,3,22,4.1,5,3,16.81
3.5,3,4,4,10,6.2,5,3,38.440000000000005
2.9,3,6,5,13,4.0,4,3,16.0
1.9,2,5,4,15,4.0,4,3,16.0
2.2,2,3,4,20,4.1,6,4,16.81
2.1,2,5,5,12,3.0,15,4,9.0
3.45,2,4,3,15,4.2,5,3,17.64
3.3,3,7,4,10,4.0,5,3,16.0
1.2,1,2,1,10,3.0,7,3,9.0
1.2,2,2,1,10,3.0,21,3,9.0
2.1,3,5,3,16,5.0,7,4,25.0
2.6,4,6,4,12,3.0,18,3,9.0
1.05,2,5,3,10,2.2,16,3,4.840000000000001
1.85,2,4,4,12,3.0,21,4,9.0
1.65,2,6,4,13,3.0,16,4,9.0
2.5,2,5,5,15,3.2,8,4,10.240000000000002
2.2,2,4,4,13,3.2,10,4,10.240000000000002
2.15,2,5,4,13,3.1,6,4,9.610000000000001
2.45,2,4,4,13,4.2,21,4,17.64
2.07,2,5,5,12,3.2,21,3,10.240000000000002
2.2,2,4,4,14,3.2,5,3,10.240000000000002
1.55,2,4,3,12,3.1,6,3,9.610000000000001
1.15,1,3,1,13,3.1,5,3,9.610000000000001
2.15,2,4,3,13,3.1,5,4,9.610000000000001
1.75,2,5,5,13,3.0,5,4,9.0
1.85,2,5,3,12,3.0,21,4,9.0
1.98,2,5,4,13,3.1,7,4,9.610000000000001
1.75,2,5,2,13,3.3,4,3,10.889999999999999
3.25,2,5,2,13,5.0,11,3,25.0
4.25,2,4,4,13,4.0,5,3,16.0
5.0,2,5,3,11,10.0,5,3,100.0
1.2,1,2,1,13,3.0,6,3,9.0
2.8,2,4,4,13,4.2,14,3,17.64
2.4,2,5,3,11,5.0,8,3,25.0
4.25,2,6,4,18,6.0,10,3,36.0
3.3,2,4,4,13,5.0,6,3,25.0
2.07,2,5,4,13,3.1,13,4,9.610000000000001
1.82,2,4,2,13,3.0,11,4,9.0
2.24,2,6,3,13,4.0,5,3,16.0
2.45,2,6,3,12,4.0,5,3,16.0
3.25,2,7,3,12,5.0,5,3,25.0
2.99,3,4,3,10,3.0,5,3,9.0
2.65,2,5,3,10,2.5,13,3,6.25
1.15,2,4,2,14,2.2,7,3,4.840000000000001
1.1,1,2,1,10,2.2,5,3,4.840000000000001
1.15,1,2,1,15,3.2,11,3,10.240000000000002
1.2,1,4,3,16,3.2,5,3,10.240000000000002
1.4,2,4,4,15,2.2,7,0,4.840000000000001
1.35,2,5,5,13,5.0,6,0,25.0
2.5,2,6,4,20,3.3,5,0,10.889999999999999
2.1,2,3,3,13,4.2,11,4,17.64
1.15,1,5,4,13,3.0,11,3,9.0
3.0,3,6,6,12,4.2,10,3,17.64
5.0,5,6,6,15,3.0,4,3,9.0
2.25,2,4,4,20,3.0,2,3,9.0
2.9,3,6,5,12,5.0,2,3,25.0
2.85,3,7,4,15,3.2,2,3,10.240000000000002
4.65,4,8,5,18,3.2,2,3,10.240000000000002
2.45,2,5,3,12,3.2,3,3,10.240000000000002
2.25,3,6,4,13,3.2,8,3,10.240000000000002
2.85,2,7,4,10,3.1,2,3,9.610000000000001
2.5,2,6,4,10,3.0,2,3,9.0
1.55,1,2,1,10,4.2,2,3,17.64
1.7,3,8,4,13,3.3,8,3,10.889999999999999
1.9,2,4,3,13,3.0,3,4,9.0
1.6,2,4,4,20,3.2,3,3,10.240000000000002
1.55,2,5,5,20,3.0,2,3,9.0
1.65,2,6,4,13,3.0,3,3,9.0
1.8,2,3,3,20,3.0,2,3,9.0
1.9,2,5,4,13,3.0,3,3,9.0
2.25,2,6,6,13,3.2,2,3,10.240000000000002
5.0,4,4,4,15,5.0,2,3,25.0
1.28,2,6,5,13,3.0,2,3,9.0
1.2,1,2,1,13,4.0,7,3,16.0
0.98,1,3,1,13,3.2,7,3,10.240000000000002
1.7,2,4,3,13,3.0,7,3,9.0
2.5,3,7,5,13,3.2,7,4,10.240000000000002
6.25,3,6,8,14,7.0,6,3,49.0
3.8,2,4,4,16,4.0,11,4,16.0
2.55,3,4,4,13,4.2,11,4,17.64
3.8,2,5,6,15,4.0,21,3,16.0
4.3,2,5,5,12,5.2,11,3,27.040000000000003
3.0,2,6,6,12,4.0,11,3,16.0
2.75,2,3,4,20,3.2,6,4,10.240000000000002
3.0,2,4,5,20,5.2,12,3,27.040000000000003
2.6,3,8,4,12,4.2,5,3,17.64
3.2,3,4,6,14,5.5,11,3,30.25
4.1,3,6,3,14,5.0,5,3,25.0
3.1,2,5,5,19,4.2,13,3,17.64
2.5,2,11,5,20,4.2,11,3,17.64
7.0,5,9,7,26,5.2,15,3,27.040000000000003
2.2,2,3,4,26,3.0,11,3,9.0
1.9,2,6,4,10,3.0,11,3,9.0
1.3,1,2,1,13,3.5,5,3,12.25
2.0,2,5,4,13,4.3,23,3,18.49
1.85,2,5,4,12,3.0,2,3,9.0
1.25,2,4,2,6,3.0,6,3,9.0
1.8,2,4,2,13,4.0,2,3,16.0
4.6,2,5,3,13,6.3,3,3,39.69
3.85,3,7,4,12,7.0,7,3,49.0
4.5,2,4,3,12,6.0,4,3,36.0
3.3,2,4,4,12,5.0,3,3,25.0
2.8,2,4,4,24,3.2,9,4,10.240000000000002
3.2,3,5,5,12,5.0,4,3,25.0
1.9,3,6,4,10,2.2,2,3,4.840000000000001
2.45,2,5,3,15,3.1,2,3,9.610000000000001
3.8,2,5,4,12,8.3,2,3,68.89000000000001
2.75,2,5,4,15,3.0,9,3,9.0
4.75,2,4,4,13,6.0,22,3,36.0
2.8,2,5,3,13,4.1,3,3,16.81
4.9,2,4,5,20,4.0,3,3,16.0
1.35,2,5,4,12,4.0,3,3,16.0
3.2,3,5,6,15,3.0,2,3,9.0
3.4,2,5,3,10,4.0,2,3,16.0
2.25,3,6,6,12,2.2,8,3,4.840000000000001
3.28,2,6,5,10,4.1,3,3,16.81
2.3,2,6,4,0,3.2,2,3,10.240000000000002
2.5,2,6,5,12,4.0,3,3,16.0
4.0,2,5,3,13,7.0,7,3,49.0
5.5,2,7,5,24,5.0,9,3,25.0
2.15,2,5,5,13,4.0,10,3,16.0
3.45,2,5,6,12,4.1,5,3,16.81
3.25,2,4,4,15,5.2,9,3,27.040000000000003
3.45,2,6,6,13,4.0,5,3,16.0
3.25,3,6,6,12,5.0,11,3,25.0
2.95,2,6,6,14,5.0,6,3,25.0
2.45,2,4,3,12,3.5,5,3,12.25
6.5,3,5,3,32,8.0,5,3,64.0
6.75,2,5,6,13,17.2,9,3,295.84
2.15,2,5,5,12,3.0,6,3,9.0
1.9,3,5,5,23,3.0,4,3,9.0
5.5,2,6,5,14,13.0,2,4,169.0
4.95,2,6,6,13,6.0,2,3,36.0
1.8,2,6,4,13,2.8,5,3,7.839999999999999
1.15,2,5,3,10,2.2,9,3,4.840000000000001
1.3,2,4,3,13,2.3,5,3,5.289999999999999
2.1,3,5,5,10,5.0,11,3,25.0
1.35,2,4,3,11,2.3,5,3,5.289999999999999
1.75,2,5,4,11,6.2,6,3,38.440000000000005
1.2,2,4,4,13,3.0,8,3,9.0
1.4,2,4,4,13,3.2,8,3,10.240000000000002
3.6,3,6,6,10,6.0,11,3,36.0
4.0,2,4,2,20,8.0,6,3,64.0
2.65,2,5,4,20,4.5,5,3,20.25
3.7,2,5,5,15,6.0,5,3,36.0
3.5,3,6,6,10,4.0,13,3,16.0
4.3,2,5,3,16,5.5,11,3,30.25
2.2,2,3,4,26,3.0,5,3,9.0
2.3,2,4,4,15,4.3,8,3,18.49
5.5,2,5,3,15,6.2,6,3,38.440000000000005
3.8,2,6,5,15,4.0,5,3,16.0
3.2,2,4,4,13,6.0,5,3,36.0
3.2,2,6,4,12,3.0,5,3,9.0
5.8,3,6,6,15,5.1,7,4,26.009999999999998
2.35,2,6,3,12,3.1,11,3,9.610000000000001
4.65,4,8,7,20,3.5,11,3,12.25
3.2,3,6,4,13,4.0,24,3,16.0
3.25,3,6,5,15,4.0,24,3,16.0
4.8,2,7,7,12,3.5,2,3,12.25
2.5,3,6,9,20,3.5,2,3,12.25
4.25,2,5,4,12,4.0,7,3,16.0
6.75,2,4,4,12,12.0,7,3,144.0
5.4,3,4,6,10,4.0,7,3,16.0
3.2,2,4,5,12,3.2,2,3,10.240000000000002
3.2,2,6,5,15,4.0,3,3,16.0
6.9,2,4,4,18,10.0,7,3,100.0
2.8,1,2,1,16,4.2,4,4,17.64
2.3,2,4,3,16,3.3,3,4,10.889999999999999
4.5,4,7,5,15,4.5,9,3,20.25
4.5,2,6,4,20,9.0,10,4,81.0
7.5,3,6,4,15,7.0,2,4,49.0
3.6,2,5,5,12,4.0,2,4,16.0
3.0,4,4,4,12,3.0,2,4,9.0
6.0,1,1,1,20,7.0,9,3,49.0
4.5,1,1,1,16,6.0,6,3,36.0
5.5,2,1,1,24,8.0,4,3,64.0
3.2,2,6,1,10,4.5,2,3,20.25
3.4,2,5,2,12,4.1,2,3,16.81
3.8,2,6,5,15,4.0,9,3,16.0
4.5,3,7,3,12,5.5,5,3,30.25
3.2,1,1,7,15,4.0,5,3,16.0
5.5,2,4,4,13,5.0,6,3,25.0
7.0,3,7,4,12,7.8,10,3,60.839999999999996
5.7,3,10,8,15,7.0,8,3,49.0
5.2,2,4,4,12,16.0,8,4,256.0
2.5,2,5,5,30,4.1,10,4,16.81
2.5,3,5,3,15,4.0,14,4,16.0
3.5,2,6,3,20,3.0,7,4,9.0
2.45,2,6,1,10,3.5,8,4,12.25
2.15,2,4,4,13,3.1,7,4,9.610000000000001
3.7,3,4,5,10,5.0,6,3,25.0
3.75,2,4,4,13,6.5,5,4,42.25
2.75,2,3,4,13,4.0,5,4,16.0
2.8,2,5,5,22,3.0,25,4,9.0
1.8,1,4,3,10,4.2,11,3,17.64
3.7,3,6,1,10,4.0,5,3,16.0
2.15,2,6,4,12,3.3,14,4,10.889999999999999
3.5,2,4,3,16,5.0,10,3,25.0
6.5,2,5,6,16,12.0,6,3,144.0
2.7,4,8,4,11,4.0,11,3,16.0
4.25,2,4,4,15,5.2,5,4,27.040000000000003
2.2,2,5,3,10,4.0,5,3,16.0
2.25,2,4,3,13,4.0,5,3,16.0
2.5,2,6,3,12,3.7,5,3,13.690000000000001
3.5,2,4,2,13,4.7,16,4,22.090000000000003
3.0,2,6,3,10,3.7,5,3,13.690000000000001
2.6,2,6,3,16,3.2,11,3,10.240000000000002
2.2,3,6,3,13,2.5,7,3,6.25
2.0,3,4,3,10,2.5,6,3,6.25
3.5,4,4,3,14,3.8,11,3,14.44
2.2,2,8,3,13,3.0,11,3,9.0
1.65,2,4,3,12,3.0,4,3,9.0
1.85,3,8,3,13,4.5,2,3,20.25
1.15,3,3,1,13,3.1,2,3,9.610000000000001
1.7,3,7,4,13,3.5,2,3,12.25
3.3,3,5,3,13,3.0,2,3,9.0
3.1,2,6,3,12,3.5,9,3,12.25
2.35,3,5,3,14,3.1,2,3,9.610000000000001
4.5,2,6,4,13,3.2,3,3,10.240000000000002
3.0,2,4,4,16,3.0,3,3,9.0
6.0,2,6,3,12,6.0,8,3,36.0
2.55,2,6,4,13,4.1,2,3,16.81
6.15,2,5,6,13,5.3,2,3,28.09
5.0,2,5,6,13,5.3,2,3,28.09
3.85,2,5,6,16,5.3,8,3,28.09
3.6,4,9,3,20,3.2,3,3,10.240000000000002
2.85,3,6,4,13,4.0,2,3,16.0
3.55,2,7,5,20,3.1,3,3,9.610000000000001
5.5,2,7,5,18,6.0,2,3,36.0
4.25,2,6,7,13,7.0,3,3,49.0
2.7,2,4,4,20,6.0,31,3,36.0
2.25,2,3,3,10,2.2,2,3,4.840000000000001
2.85,2,6,4,12,4.0,2,3,16.0
3.8,2,4,4,13,5.3,2,3,28.09
4.2,2,9,6,16,7.2,7,3,51.84
2.45,2,6,3,12,2.2,7,3,4.840000000000001
6.8,2,5,4,13,6.0,7,4,36.0
4.5,2,7,5,13,4.0,7,3,16.0
2.99,2,7,4,12,3.1,21,3,9.610000000000001
3.75,2,8,4,13,4.0,19,3,16.0
2.85,2,4,3,20,3.2,14,3,10.240000000000002
6.0,2,6,7,14,10.2,5,3,104.03999999999999
4.15,3,7,6,13,4.2,2,3,17.64
4.2,2,8,5,13,8.0,2,3,64.0
3.15,2,6,3,13,3.0,2,3,9.0
2.65,2,5,3,13,3.0,8,3,9.0
3.75,2,6,5,13,5.5,7,3,30.25
2.25,3,6,5,12,3.0,7,3,9.0
2.6,2,5,4,13,3.1,5,3,9.610000000000001
2.95,2,8,3,20,2.5,2,3,6.25
3.35,2,4,5,16,4.0,8,3,16.0
3.0,2,4,1,13,4.0,8,3,16.0
3.85,3,9,4,10,6.7,19,3,44.89
2.75,2,6,5,13,3.0,16,4,9.0
3.45,3,7,7,13,5.0,13,4,25.0
4.9,2,5,2,20,4.2,5,3,17.64
2.7,3,5,3,20,2.5,5,3,6.25
2.5,3,12,4,7,2.3,17,3,5.289999999999999
2.75,2,6,5,13,3.5,2,4,12.25
3.8,3,7,7,13,5.0,2,3,25.0
3.9,2,8,5,13,4.5,16,3,20.25
1.55,2,8,2,72,3.5,16,3,12.25
3.3,2,3,1,8,5.3,16,3,28.09
1.45,2,3,2,13,2.2,9,3,4.840000000000001
2.15,3,5,3,13,3.0,2,4,9.0
6.5,2,9,3,8,7.0,33,3,49.0
2.85,2,4,4,14,3.5,2,3,12.25
4.1,2,4,4,14,4.0,2,3,16.0
4.7,2,12,5,12,5.0,7,3,25.0
2.55,1,4,3,13,2.7,3,3,7.290000000000001
3.2,2,6,4,13,3.0,2,3,9.0
2.65,2,6,3,13,4.0,2,3,16.0
2.35,2,6,3,13,5.0,3,3,25.0
2.65,2,7,3,16,2.3,13,3,5.289999999999999
3.98,2,6,5,13,5.0,6,3,25.0
3.4,1,5,3,13,5.5,6,4,30.25
3.2,2,5,4,10,4.0,6,0,16.0
3.95,3,5,4,13,4.0,2,3,16.0
2.85,3,6,3,13,3.7,2,3,13.690000000000001
2.6,2,6,3,13,3.0,2,3,9.0
3.0,2,5,2,14,2.3,2,3,5.289999999999999
1.95,2,5,4,10,3.0,2,3,9.0
1.85,2,5,3,10,2.3,7,3,5.289999999999999
4.65,2,11,5,13,8.0,3,3,64.0
2.9,2,5,5,13,3.1,2,4,9.610000000000001
3.5,3,11,5,12,4.5,3,3,20.25
2.15,1,4,3,13,2.3,3,4,5.289999999999999
2.9,2,6,4,13,3.2,12,4,10.240000000000002
2.25,2,4,4,13,3.0,3,3,9.0
3.2,2,4,3,20,3.2,2,3,10.240000000000002
2.85,2,5,3,13,3.2,3,3,10.240000000000002
5.5,2,5,4,16,9.0,18,3,81.0
4.0,2,4,4,20,4.2,16,3,17.64
7.5,2,7,5,22,7.0,26,3,49.0
2.7,3,6,5,13,5.1,3,3,26.009999999999998
6.0,2,6,4,10,8.0,20,4,64.0
3.75,2,4,5,14,3.3,2,4,10.889999999999999
2.85,2,5,3,13,3.1,2,4,9.610000000000001
6.0,2,5,5,16,8.0,4,3,64.0
3.1,2,8,4,13,3.0,2,3,9.0
2.85,2,5,3,12,3.0,3,3,9.0
2.2,2,6,3,16,3.0,2,3,9.0
2.85,3,7,4,13,4.0,3,3,16.0
1.8,3,4,2,16,2.2,3,3,4.840000000000001
3.5,2,4,2,13,3.5,3,3,12.25
2.4,2,4,2,13,3.8,3,3,14.44
3.9,2,4,3,13,5.2,3,4,27.040000000000003
4.7,3,9,4,13,6.0,18,3,36.0
5.0,2,5,5,16,7.2,9,3,51.84
3.75,2,4,4,16,5.0,8,3,25.0
2.4,2,4,3,13,3.3,3,3,10.889999999999999
2.95,3,4,3,13,3.0,3,3,9.0
3.35,2,6,5,22,4.5,5,3,20.25
4.25,2,3,3,20,4.3,4,3,18.49
2.9,2,5,4,13,3.5,3,3,12.25
2.85,3,5,3,13,4.0,3,3,16.0
1.85,2,6,3,10,4.1,3,3,16.81
2.8,3,4,3,13,3.0,3,3,9.0
3.25,2,5,4,10,3.2,3,3,10.240000000000002
3.05,3,6,4,26,4.0,7,3,16.0
3.6,2,6,4,20,3.2,3,3,10.240000000000002
2.6,3,4,4,13,3.0,4,3,9.0
2.65,2,5,4,15,4.0,13,3,16.0
4.3,4,8,5,16,5.0,4,3,25.0
3.05,2,6,6,16,4.0,3,3,16.0
2.35,2,7,3,13,3.2,7,3,10.240000000000002
4.65,3,7,5,13,4.0,3,3,16.0
2.2,3,7,4,10,4.5,3,3,20.25
4.0,3,6,4,13,4.0,3,3,16.0
2.9,2,7,5,16,3.2,7,3,10.240000000000002
2.0,3,4,3,12,3.0,7,3,9.0
6.2,3,5,5,18,5.5,6,3,30.25
3.6,2,7,3,16,4.1,3,3,16.81
3.0,3,4,3,13,3.3,3,4,10.889999999999999
3.0,2,3,3,13,3.0,3,3,9.0
4.75,2,5,5,22,5.0,3,3,25.0
3.0,2,7,5,22,7.0,3,3,49.0
2.6,2,4,5,22,5.0,3,3,25.0
2.55,2,4,4,13,4.0,4,3,16.0
2.2,2,5,2,14,4.0,11,3,16.0
3.75,2,5,4,13,5.0,3,3,25.0
1.85,3,5,3,12,3.0,3,3,9.0
2.5,2,6,4,12,2.7,5,3,7.290000000000001
2.5,2,6,3,13,3.1,3,3,9.610000000000001
3.5,2,6,3,20,3.1,3,3,9.610000000000001
2.85,2,4,4,18,3.7,4,4,13.690000000000001
2.35,1,8,3,13,4.5,6,3,20.25
2.25,2,3,3,16,3.0,4,3,9.0
2.7,2,6,4,13,4.0,3,3,16.0
3.7,3,4,4,16,3.3,3,3,10.889999999999999
3.5,3,6,4,13,4.0,3,4,16.0
2.5,2,6,3,16,3.5,9,4,12.25
1.6,3,4,1,20,6.0,12,4,36.0
3.5,2,6,3,12,3.0,3,3,9.0
2.75,2,5,3,12,3.1,3,3,9.610000000000001
3.3,2,6,3,10,4.0,5,3,16.0
4.75,2,5,5,15,4.6,6,3,21.159999999999997
2.3,2,7,4,18,5.0,10,3,25.0
5.0,3,8,5,14,10.0,10,3,100.0
7.0,2,4,5,20,11.0,10,3,121.0
3.65,3,6,5,13,5.3,6,3,28.09
1.85,3,4,3,13,4.0,4,3,16.0
5.5,2,5,4,13,7.5,4,3,56.25
3.15,3,6,5,13,4.5,4,3,20.25
7.0,5,4,7,13,16.0,5,3,256.0
2.7,2,4,4,13,3.3,4,3,10.889999999999999
2.8,2,3,3,12,3.5,4,3,12.25
2.3,2,5,3,16,3.0,4,3,9.0
3.65,2,4,4,16,5.4,4,4,29.160000000000004
2.3,1,6,4,16,4.3,4,3,18.49
2.4,2,6,3,16,4.3,7,3,18.49
4.0,3,5,3,16,4.7,20,3,22.090000000000003
4.5,2,5,4,16,6.0,6,3,36.0
3.0,2,4,4,12,3.5,7,3,12.25
5.5,3,4,4,16,7.5,4,3,56.25
3.6,2,5,4,13,4.5,16,3,20.25
3.15,2,6,5,13,5.3,6,3,28.09
2.5,2,6,3,13,4.0,7,3,16.0
3.4,2,5,4,13,4.3,6,3,18.49
2.7,3,5,3,20,4.6,16,3,21.159999999999997
3.0,2,5,3,20,4.5,4,3,20.25
1.8,2,5,4,16,3.6,4,3,12.96
1.8,2,5,4,12,3.6,4,3,12.96
1.4,2,2,3,16,3.0,4,3,9.0
2.6,2,4,3,16,4.3,4,3,18.49
3.4,2,5,3,13,4.0,6,3,16.0
5.5,2,7,9,16,4.5,4,3,20.25
5.25,2,7,8,16,4.5,4,3,20.25
3.0,2,4,3,16,4.5,4,3,20.25
3.0,2,5,4,16,4.5,4,3,20.25
2.6,2,4,4,16,4.5,5,3,20.25
3.0,3,3,3,16,4.5,5,3,20.25
1.6,2,4,2,16,4.7,9,3,22.090000000000003
3.5,2,5,3,16,6.3,4,3,39.69
4.8,2,5,4,16,8.0,6,3,64.0
